text,voteCount,poll_id
ubXb,667,750
BfMkPFXqqktH,430,122
quia,399,412
gbowinAvfpUsaJASDOIKAbqSA,119,218
hSlabpVulwEopSVgPxVTRDOwAovV,581,44
PpcNazBuCSDnoKTEnvQPopLzBKyAONj,832,579
pMxbOLiMeQx,743,189
zWwBqlknS,599,920
fDYlVtBjL,47,587
ilPkDpNPwGYfo,92,108
xKyezfXWNcarOQJfnGM,464,669
KJeTzm,516,335
hwCXY,387,521
UnmoeAHqbjlumyHastBZcEtJxijWY,487,232
cJhdJJyDkRaUbgMkgbzJfvdzaWDSm,722,417
RWYZwyLpWOFVlLSHiKvDNR,847,377
YeLKpjmBC,890,622
H,179,252
HntXcrptYZzLWeiHWcNZ,245,248
XWxSUYtvupGSOiwRFJfKk,788,701
ifiSquj,570,937
pFoMMGJfIblHLelXakkwzshDVjPb,543,682
ogsiarpuVQTMP,786,765
ufxLKnCOzLOWmAe,26,782
wjYIE,212,121
qYRypsecMrCGfUzstIOaYXVCFHMIRKT,331,514
mb,505,997
IYUiQomPCRxZDUELh,54,41
kLaBjDxm,645,696
QuDgDuRCexrHILlbk,609,671
HDOkNRBPZXkeFNJDBXwIQIuQIJLjzM,233,395
SohizrZXYtLSfZpVZRGfQeQg,501,831
mhuSRTKSL,928,706
Yazfd,31,147
CHrfOyxIZedJAVZmHKYOWTsGdDDmWI,170,527
iKLDRoptjoGfd,852,204
kYSSGLGnzxEmvuNZjmmTjfj,535,241
aacNpXAtyaCOhMx,600,358
abbLthKCjZiWxvjEKruhM,856,820
HnMO,448,596
DKFxADBtVoTJiHWScRJRfShQOjNEoLA,73,977
VolpDcS,525,663
rkAztiB,137,41
nUktJUBwodmp,730,19
WbmJLlEuHzz,242,352
RUUZUzyziMRdwlLPJxWbYPZCeLI,354,940
TLnvvyeyrpmOrMsOYpyYGhdn,25,924
MZGXUHjjOpKcNhleTYtALoGJt,356,764
RoqxnBsMSyiQAvMWYIfDMKdV,443,378
QXNAyigZvjHxknJjOf,738,376
pGcotjaAr,752,880
LowBzJhUUmAtfryjTQxaGCTJtQ,912,792
VEMZnAjUnPzwTiQbhqzZCvlGSnEkA,117,999
yvEqXhAkAxyToBggigjDF,654,758
GqmnAXmgmyKbmMjoeEhk,664,413
OoI,454,21
OHdtJgEIMUZ,296,156
fuIIGdXsvEATICEfsPabSPUvSaEema,535,957
fDFoVjYiIwJSHmtozrRDdTmBR,746,532
fOqgHXqxKL,572,816
WTUajbMltkRfwu,592,125
IdceDfyEUaM,176,833
DJieWgCIelTITTKEXAtpVQwLL,267,746
psBZiCtzKAZtkOdRMKxRVdQkDO,722,328
jJFujnHX,373,426
pfeFkKkHTOPOSyKyevnFIbxAlxWyhhO,850,426
EQmGoWJjlnWQfanzkzVEIdQzvtNEBxD,150,886
adtLMjLptQbETlWyaRt,860,555
SccWjhtqKpqqn,918,834
SDzJsdukgiatg,124,71
XBVBGGyU,465,655
BovfXgXnasizbgYorjLheMM,14,306
ISkpOJzynFCScyP,405,93
ZxNYc,801,704
RUPVSpoOgR,12,982
VVpCCOaMsVVNpyOhzDcnypgyoHK,552,97
GKJNRZNyiYghOOXSoIFvg,817,62
oJvnplcRLbOnbsTHQHQrhfysThjU,610,872
gpfPiwSRC,917,235
AQFkQA,25,837
THiQE,436,143
SwphivaktHTSNbkS,758,805
JgBLIWRSK,148,226
rrbBdyjXHcXnkqTOjOSWLodp,795,323
ztvYDD,411,667
tfPPvibhkzUdCbBfabzgXLRZhuHRed,343,976
GilukBnhuzjGMtFCYogVjqa,337,195
tJZpoEhjohSSnncOvoyAAW,193,715
bGBvDteuLikPsJXtSH,220,52
oeWk,358,545
jDsxHuLgiDLecPeVsgD,877,918
kfGwhEGOGiGrbQ,345,440
BOfeJGtaaRAGhTAuyPYuMLtNYbbZFhn,608,530
vP,211,443
MqoHTdRjiSwPiPvryujnOpredHy,12,91
Ms,731,474
Z,991,998
QAgXUBVL,285,587
zXNRBaZsRQslDVBWqZKqlh,173,88
fP,775,1000
LiCtqKG,175,649
nFJewCCGxTM,142,205
KeYQIeTQsbtQrHsdASPY,449,408
IFdmqxaDiVwnSUmpezEbuHyPoYrZ,773,165
knbW,225,378
gWghjNedNUSiGMBccgurJ,805,517
yRRGalrdXxTpETmLblDDKUQiKjhKZ,526,882
SXIjOmRGMj,636,551
YnpVh,868,380
ZwWmhEjzvmaEpP,832,310
ksvaXP,827,66
jARgyJUnPAee,75,511
ExdHkmTr,133,616
kUnaefBqIUcSWsQEslmsuWot,414,217
RkFp,254,175
bkBxwhbDhzkHWeOSnpNRGSdLRSxBYLs,245,296
bzaXhjvHcqwFIvigVTTBbqSyKgdS,68,406
AZYieoHuZYRSrcpDBR,15,248
SaCRIgNvLhL,148,198
L,576,365
ijUlpScaz,846,84
aTurtibXYSnMwujJaMyLRdJGgePQ,291,803
UsQHbcqRPdRSGCp,346,436
rrPTtjMhUqhOsZiKPdCmX,324,291
dwFbQu,843,523
QhiKYeboFWzRecx,119,526
RcdFUUxUzCGUfgddHkpo,710,511
uCXTdeUODTFZzxAuzEFdCaEc,999,383
N,637,230
aHBnLZRihRPfKgclq,943,257
VCTFanYvtxbqbcxzqRq,720,579
vtbqoEQcxRcEKatfaXjz,867,582
rkUrYYyQzcstwvqlHvl,306,70
mqMAYTWpJ,431,459
luvYCOlsCGkamufjYUswysiJOJWdy,273,249
wDktXEjW,883,440
DYQoqQucgRwhX,729,219
kfVukUMTwmdsWUo,415,667
fgLFHtHUvUC,24,541
KCChjxiiVliTxW,415,756
wxexLqvCohilRTAGBoXNTpXZJI,805,438
odpehzvEQtAlyzg,325,639
R,306,71
KLQiIejdTzTotlj,82,951
ToKMpgGlImbQFEewPfccbShCtCNCCx,169,281
hihsMfVx,131,618
augPzILyxwmWUIHsfirQoZYqqrb,987,39
cnf,812,586
R,435,844
lgqaw,217,916
BTpAlDL,194,185
UTRxWFfgNaLlpLGM,15,181
ZrIuvnpUKNCOJtvScxpFhWdYidxtm,676,287
BzClAAacAaHivrnOeGLmHsLJTzPFPi,554,840
UMUSLqatnwmvzrfZxCfmqqLEfKsjJE,198,438
iTzsPnoOFnsqGKvc,682,16
VlhuplOAmkuz,420,36
EfRuEHhtOCUjFZKHrxoXdeDynUAlcZ,999,201
zBcVtrDKqkDnBgOvYf,775,380
GyWETtROnAAHVJXoTfjvhx,261,959
bNzNltRaWNWKNZLJdBNLCUFsdzxWj,8,752
PAbjEUaZzcNEOophfNyWsmuxrxtYn,864,710
wqXBHBCMesBAYdDK,740,876
ULZXpZMeVsecTYHrVXlPlKh,154,243
q,440,188
kFNaulhsVUPkLlcc,892,94
LbZXgVrcPF,872,888
GIUiiVfjEUkdBFDkRmMjhGQeyltiK,791,67
WDI,513,355
SofmXiKLcKnys,378,298
ZLDLZayvTHIBgkwPZoPRzmlUBSl,130,150
XgALgDdY,406,476
XdaeyVJnlCDtHQEQOGwMXVDBdCZ,237,243
QYckVTPZAT,105,100
ptlnuwcszjlPjfOWHPboQsek,843,540
ElQwFhTdmrYjYxKssOoeUi,867,934
fgnVi,347,198
CTHZZifXidz,764,291
MgGIadwoyylAHzYhgmEDIUSwkiDvUd,96,825
GEKhCsYdaXMf,162,584
jGPoXUgKnpIKBBzjHYQwwGdXxi,353,681
CSfYZyFQMLxzUOcYtAwUywNPTdrfem,711,163
wXURSdlnMxGx,147,983
yqzeLcgBfwyOyfVmQNIqXbGS,571,726
O,882,751
laiodFyHBVUPQKTasDIpVukBqU,665,785
MRMrgpH,154,57
eogZpGKMfGcQhEymseHQueMgZTbpJpq,478,893
VZkVpmAVjcjU,347,72
OCMKdxRURgKQtPzBQbrmeGqL,375,30
UYebaRTxPlBZAf,782,488
EcXOSlgb,174,397
luNojz,482,105
BlCNDqKMJBrLRaVNZdbijbPjsdDPVZl,240,57
jo,991,68
fVIhGFYtkWPYdFCXzaPxSQOzvb,507,218
rAjAoGzqYrGuUoTIBzZpuOmaiMsjfU,90,242
PlAlkOAzeZgAXraDKiNDMBqatOtQF,544,709
qEDxUogVJaHDfhdpiAGvbiYBV,550,625
HLBatqySffcPLaKFXGeDP,408,457
hZUFeknBITEklRDdOpfLCwZbXvotU,124,629
ElZVoQFpJSKSHv,247,464
dkprXnHZQXmXhi,567,782
HhpNUiEBlkgY,153,666
tZQMmqqEecYSDjfedDIwIfYhz,620,519
EkMjSKYILEaKADdQqzW,812,637
HmqLRAioRbtwYhAKSvALzQJhgXcH,195,376
ZzFASu,476,665
DyviQXBxYmTlJYuTkD,849,564
BEh,541,130
tkpCurtGXrHET,316,665
TCeoiMpzlWnKKqE,740,462
afIpVKjYaKUlYsEP,116,609
yDbvciqMztCZHPjLqI,96,404
LgRttCbFiTyzzXfi,149,283
pUOGRqyAo,370,74
kXOvdFUVgqf,332,522
CARkVMyyWYOZR,808,934
sDOKBZpxvHNOnJcDqYnn,21,563
WFwkjjXyTXeZcyeATigvjzBY,396,315
PdnYRCEtMdEbdWfimuIn,615,360
gYetTmCYYKWBTYdwjJQBrmtD,298,288
ST,866,798
WcnLgrYRSXdaOkqZUANsfopgZmJZG,1,289
TFtUydLVrbwublYhdkX,104,537
PSPEROCQwqoYXbnYxBM,839,546
oMlJZKtEhCFfRz,748,610
HkkOMgkJTvYNL,429,205
A,237,781
tMlMzQAIhpEk,827,234
K,112,715
WXeuM,253,495
vJDSWslwLmiLcXkjphk,975,390
VZSwRKHdH,942,837
bO,191,747
vpdwzNiBGtudItpFQsHIQAC,731,329
YtEVksQO,452,955
DzUiqTsioQcGRgMuiilN,781,210
HpcltNfWHNSfYrPqcXfpJLZ,797,78
lNwQoVZ,967,735
UEMZGuOzDNQmHezPfBJPVwzanIEOQaP,848,864
CnL,930,909
aKpTjE,220,205
KZXJXgdeMjFryVHVE,7,466
To,207,679
UM,89,184
osIQYZlRWjH,472,962
lTtMRr,556,689
pkjPQrWORJiisckC,209,610
PYABJP,691,716
vSXBcXxhJmFSCKeby,530,148
LIWXssdNxRR,770,313
PbyqvYblbR,573,155
ymQGusO,794,128
o,230,852
g,901,7
DGCN,172,215
jVbFSLopclOdsDSeA,402,481
tVGeFBHlutoTVlgYNtZ,665,68
BNz,899,103
pgtqxIVKFFACMshpRuIAMP,456,695
XHICTTqFfrmy,2,679
JKuJZMwJuGNiXxEuLL,739,575
XzZQmtjwv,705,923
hiTLVEjsVSKOzBHTLXGPlqYprmNG,324,495
wpZcbtzOeJJDPkSsoXlonu,282,563
ubpPvHXSVTsVnVmwPIJKIbaUvSw,795,791
deWWzAQLsKfMOceUPgK,455,124
WYQMdNnRgRBnmAUrv,485,183
SEpGmHqsNLHZGIszwNIarzX,120,366
YHpommoWcsXnoWMlkodlyIxNl,131,269
tWFKkxbGzeRiE,706,608
WowNUudGnnYmORsfpPYOYa,985,1000
uwa,964,801
UFwwBvKivzzfxGvQwFUCrfNpRwzup,688,425
QjxOTz,534,792
oNnfPUlBoViVF,456,166
kdBy,655,361
iuwhnVdMTMtwlrfcMKdK,114,293
UeAsNSzoYeRVHJ,486,550
VwBDAubxCtehtXEfTfyauCr,849,800
STOaytzhh,376,327
IcI,75,473
SexOAyeLRkeCvMyiJniplMX,430,701
MrUAlFdXaKxUgcofuTQSJti,681,398
ns,664,43
AV,765,787
JbTFPNTuZbrUGhDlrcWmK,51,751
ujSwDKjdQdzCmdQNUccVLcFpQRZ,65,305
unBmJjhJUhlkdbxCtmnr,214,816
CoYCoUionXkVO,503,103
huBpZVNMOThXzQAufwLumpmjfpYS,155,607
SBCydhDCcbTCEMSzuqJacVQR,599,199
v,737,523
pPxrMbACOnahg,995,722
pApPvRo,158,201
rPsjAoQeZCHYSyyJkbOBAxLaGRGvGLJ,611,973
xkoQeQtYYoVvIHhX,264,264
pkBfxzTAPxPxJeSTBQhlXHpXrg,613,117
NSDnAqHZqZJoNBSJttJM,780,401
NeZrSnzKLALzGkVIRBaKcuVpcvDXeS,625,713
PES,324,814
akMyUkLnjMhIVatvgjkEz,520,94
lgLUDnSYhnhP,381,150
vjrOkIqgFLew,559,137
OCXBNaOYtLDKiEEOI,631,736
rsiuFPnObzoPwaKCnfSRptkVsTts,400,815
nSpxtiuse,295,167
PNyNPKpdOrowPGnIfkuFXHYrqBTCE,171,942
jeJMgIPhKIZLDqAVuCEnJbMYaH,494,395
xlmWwEG,136,111
QXgqsEGQMdOe,271,613
DhYInNYsQXdNlgbrqVKCeHQtXLMB,87,539
wVVbDKZKCqMURkLNpxoxzPZXfSgOwy,323,549
OsNIBLPjSYWPhsaFJk,689,68
IXYR,886,207
BgF,859,234
F,971,138
LTPt,857,101
aXdqPaWmJIfIISlbLwnABbbApmWx,860,679
UfrubYARqBksbtzgUwmS,69,177
tIKlKshZtTOqIdXUSYILFKWojjqHFj,305,132
FtXphVJ,19,258
nGqjdaAHiaUUPfDgPaYfMgFwbeDcKF,497,572
SCoFUWOgkPieqrEUuJs,63,638
qqWNDvtrd,582,967
GKNJzaNgvmpbgWotSh,653,368
NsTqUMix,62,56
WkIbsy,522,873
ExttxRtVbIxkekcYLcNuK,506,564
TQKiavxgnZUCvyWmPKesGIi,72,467
KOTkrGYLvufe,90,445
sDpxIxPxnhIngTBtdqttfAdTE,671,273
WKOjxeOuWGNfMlXFcDhjexLLXku,674,656
gG,659,395
pyvhfTgwkfJNnYZFE,143,631
YWHXLRTeIeVdNgrPVrxDvVkKB,234,766
wXZPGfruXuwisLBwd,64,976
c,164,637
nwYsZXKXCNXREY,437,291
acmsHoPeURGkfuafGckxidM,615,908
auooOwjZwWB,138,44
TSXyANdUJ,655,211
oWfo,193,181
hTBfYdJWlYXxZPFVkhkFSWN,487,536
tlFnBLGvktZY,348,741
kYhFzDcoVyowhmnTOLAOevdDKAaax,590,648
Bg,980,754
sThLQnaBTwO,95,849
owdksJoSmxkGJvcsW,740,679
jMfnFsImjYAF,849,83
cSACkcYv,365,207
iBlTePcVjfVf,283,514
ocRIPfMSWhSmAbR,798,882
mBagFGrLTYiQcrfKnGKJh,827,201
CsKgFMoJhQYU,317,435
eoFCFARj,823,143
QeqYjloUwS,79,566
A,509,556
SKbB,331,845
yXtmSxHllVWEOACaqJmxfDnWmgjK,281,172
polFaFBIgHVtgrrHo,299,422
pYn,429,331
kIbWmUONLKNflGkLkGfqQvKHxDAz,144,280
aqdDGlw,577,910
WUoWM,918,264
NcBHFGJmiXYcOtnQFnwHmujiKMOPP,369,826
hYLfkr,396,156
uWbcbSo,481,964
QO,6,338
KGuLqEkxJVJdy,373,794
AcuZaGvyK,297,481
yUcNSVjhirsMRdyJLAezfLelLHvX,750,411
i,922,207
DtMqkGZlsOdGxvFCENrmnLgVRwxSuFg,868,765
yEUscklBGFNUKGAwyTa,971,240
OlkKtuimGaXaOMxn,904,686
SMKOzGjiovrTNenYunFE,175,685
pYejFmSgjSinLd,38,889
AGlDDJffQsksnqOYYBzGq,223,427
kRXClpaMmPsAYZO,548,29
UkKOaGRKgVnZTZV,98,270
cBTnZBOPqSniwHrqIyNkvHrVL,363,393
ofYpfXvewqbLx,15,738
u,211,913
NUlbvyJuVHabyDwRjCCvGF,997,852
UEPEmRwlwPfKkgrBSusRzXYZ,732,34
QRmdTlZxa,223,886
ECyomzUYzKibZemGDsomLBaZukraWEo,815,775
NrlkQDY,675,923
YmL,999,829
YfPOjcRAaeGBmeSCU,500,240
rUVYjMgDexPyEiDfBDI,739,132
ncSjdWvxfYGPnrculFJg,102,409
oskmqRguiboBtireJHu,258,543
NnMnOPmuOOvPbIzfhsmoahzd,60,252
DSdDmGTWjfXHfigfboAFpXZGzn,180,715
oadkImWGlJatBIuvkjtWcKrXhQ,489,47
KFDU,733,974
YEqqELeYNJbmoUMjmSsbxhoLKiZ,347,476
pxLRVxrdvCHNWsGHCmtiYoFjIYG,742,908
XziqhqHM,616,234
IK,914,171
ZDcvRaVhj,107,892
GcSJqmWHfc,321,518
ILalmVHIAMnyyAhsIHSKUeoi,723,755
EFdUFTqIvd,867,203
zOjCAnvoPUlickclCkQGBWV,861,598
ulkeVHKfUmOeOaNPjRno,668,489
cONxbWnrGBUcfvyEzNnLiQtHIx,863,387
LYEixrFMrIBmvoTbXjV,405,537
RRfgyWn,18,938
xYjLYUBBQrDQRRtdSHAsXEA,254,937
NMlTEhjIm,953,103
WWAeqgugfuOZIfD,914,312
kfLqm,18,402
EAqJAhnfAEMZsOcvmUSY,800,852
wloOPXSdcQpLBDmtRbBSXkLVEo,643,119
UOtOGU,321,40
FPrCRNa,749,733
o,327,629
FR,498,988
NNfEjfSedDpEoUXFyfqb,327,8
WpEAaBqcSEyeKrlbmdEPMyLTkbyHT,69,701
DmuxkikwEfhePu,335,95
zsKruztvMoGH,937,27
mWeAInmEdonvAPuvPYHeFkFZ,14,739
TBkSOu,749,285
PkVXdEPrrghePGmBgSXleuuIFUS,945,666
AC,178,898
T,949,391
WWeygvUtYpKatUsBMolRhcWVot,670,844
tXJFHoHwCuuhvUvC,123,824
sKnJ,176,356
OOprtmYasJaghGqIfSlMs,609,248
rzdRtljoBUOUWNClTpmFQfXy,250,768
lhsFpwPHZJ,113,259
AoDwmCifaUooQow,6,230
stfjCoHlQNbcMTvwSmbIaInumqBmjDf,995,572
vdWCKARJdpkThGBVxXWVmm,770,394
OmDOJSecCxKnrQISHbRctresu,546,581
MrvtbKwaMrWokBJpCMKY,183,892
wLlbtqqrZgkwFmvuJQM,279,270
yEJbDUXBgPucOKNEsUTfDvbRNnHrBn,510,420
jCoHqlNoXcPzWzZBjjlL,353,458
wPIrKzfeJyoC,973,305
wPGbJAqhLiGXWgUXUisHdtXOuKEvs,900,404
JsTfpbLOPPHZzJaC,452,815
KrGKVXDTSnwHbKVoMMtkiuZxa,168,117
EiakMIQSHrbQcbRmdphkTlGOmnrdFxL,493,292
XEqePXGCAAHQsuUrMYgUzNi,254,89
ZAyFveLLvAnbsqejzzRMZzoBiF,488,714
RDjTSVdqxKFyjIlpq,618,889
QhwJMTQDHhbIHBcoJPkkILzCwNv,323,869
PDRAVThtcgbHZACrhtQWcREKNaRES,440,410
FjPGFkrHGohHcO,11,458
jHqKTXfPPBluRAQuZVGDAY,885,911
hVWp,79,327
jqBvnUpzjCYKWTbITgiNkn,205,138
xibMIhglbusaTG,826,899
ZmcjWWoGJzlFws,289,565
vnmipVAnOpRWob,433,745
ilpNGLaPeJNDZDOHUYSQV,317,758
BZfB,313,817
oewkaRghjWxwLxkh,605,229
IOAdsxWzZqnhjwYGf,265,81
diKAAvZgKAEqNVRXnveQHLlGbQ,385,417
jN,206,787
zrTfNzuBjbWvRbwhrHTGkvapAqOVpP,992,689
elZFkFYLRDqqQeHfbTnlndVtQLLieQl,789,293
MTS,611,939
UNsFNmOMSwDnNCKAlMFPKve,482,237
USotUB,455,684
PE,473,94
AJENjoMpQDKqXFiUg,301,915
oMd,899,841
lAyEKyrugLgkkjVFDlt,920,200
DRhETBNlWgFkjviOaliYfimnN,171,264
JgtuUENzxHNIToxfjXNXpnH,224,860
JXAHWMyMbzZXO,292,712
v,91,369
mgqTOtGDWULRUaZHOZIeQCAb,434,117
rnuvu,872,533
cuAtCnsyOyaIQXbVLgsc,986,511
QANgQlPeEvzycuDnwKKiNqwwDGIh,354,395
texytko,946,911
SnWIhniZhJaPnMMjXc,903,233
fUwDVMKUF,149,742
ydalgmHdtOQtlNaWuRLgrwrNMGzH,693,844
QlPXzHAOYCNCcAXPtwdOy,494,858
ByHImpEqY,205,136
rUeFHKHewbwQdHfT,522,265
dNvfK,758,111
BDIHI,627,52
IhLzPFGlIPrbzNwBEkqnmnoduJTpPg,260,537
jgyxxwWdqJWbA,975,296
inIBH,242,17
pwwqnEBfz,134,811
zxEEDzOCJxihJeYG,214,42
hejT,688,476
vQOeqMXouZ,458,47
hAB,371,524
iIAMdKpdu,306,357
wyPiTmQsmTHjVvyKYSuKinimvMzX,60,752
pqLK,446,70
IOteqJUaS,689,807
aicgJaRPpvRv,931,771
wMIqrMj,759,536
mBhtIBmCMM,638,698
ft,25,943
xtmloPAiVxRDqZQ,792,160
RtQXj,458,700
pDUwtKmNxZTkyQScMFMgWxUC,775,85
HANMcyxZPXnDbDNZOawUwviwxMHYOns,211,346
YkMdGvuU,719,105
DfV,820,103
vpqqnB,717,312
avQRNJGICmRtlhJLQGIqCIOwSNAGCwd,286,364
RpCxWzvfWTpOgbbMVMokt,291,729
hsezng,926,621
BzPARSMFTETFHNxItUYPgAOQ,237,811
TqkVsyjAPkJAdGCDgeZPUonM,434,159
bKwjIaKOZyKMxA,566,241
dYWgva,642,920
oeYQuYdhJJOEDaOpSKnYgVhFTdd,894,623
pVgPLOmBJNcbiWrxY,599,800
XrAzCnR,224,629
kSOTokpkNZDHL,409,972
LuZBzDzjjOkQsJUxenNhLppAO,543,442
HZHqClOwqNIKolkcOs,258,974
tBpQZfJuXEjjrjZQPTgXr,335,965
TrJjCw,631,801
YVGHsqc,670,518
XeRyNkbFIBbmqKilCiTubnRJemR,101,808
DspziWvqOeokynLZfenPUruOEDleI,338,316
oRWNLmpmW,524,173
LoHqNeOAFMrFeujEjQBA,817,685
v,938,160
uuOaKHzMDJFKjlYYGqBvGg,294,199
XTbfgZgVIAipVWVtUORDsY,64,548
KQg,144,343
QGCnBBkMu,388,585
LIgIYwkwNyoTdPmoDgJtCFmWJFs,590,949
GKqkUZRckyThIPxQq,432,494
ACWHiXgEjeehMgE,437,602
kRiXZNzzsvFZPgpdrIkWGVQsXdVA,948,976
BZaaVl,672,298
YVksu,361,248
FCORuuVjSWrPDJAlawfxQvmNzbwEON,383,549
pZn,806,939
gVJeDVWLrh,744,364
aRpjUq,160,648
tbWSCmijEEXzwIBNESAbFQT,952,73
VZQFUJzmqYXEuriEEVCPaGNBOwqDc,296,577
yjOwCWIcaLaRWsTskgVVipicTt,591,799
OXBJYEWlPHkQoOvgFdXlkwYjuUDTv,202,15
lSTUPXCBBBSdTROfEFcfiLg,834,464
uytLyVcWKOPHPXiGheYrNjDcLLr,985,257
tHlSbkbLFuJJzPxbyqSGSjObqa,546,712
ofRuIVGyaUbMNSkm,827,300
kxKbzpzqdzTRbctZdpWGpwcwEhIlJjg,833,955
GVCvMFJWiHcILAGAqv,722,622
hfHHLhov,517,651
glUjuJpsOdkFIXHNHYzJW,410,760
pQprorHXzLYvYvcmQTXbxmNpjh,826,837
yyafle,914,423
aggvZnTTCoLUjUinwCXHfGzFFLfjfNK,609,670
KaeIhVQBfQdv,131,551
hHWvRpAOrDMpXpDckffDFeyk,743,11
FplfsXENgbwVRESozAwRwPikGhEADoD,320,980
MSFCrpm,715,221
RIWdpprEfsrQjBXUfjNX,910,396
oFkihBKxfcLylFDrO,230,142
kehwrPZrgMzsOlzQqp,999,930
wGH,324,667
PAQNFhcvbCkUOXBIXwSJAZOpCqqTaQk,145,828
ROfFgrtKDWOEHUPRoPAvOGMgTE,984,882
jAoe,762,61
sbTDifAamqQoyIAvQNrqLKeWafMr,389,764
gcthfVjOlkQhOZXQseGLWx,435,861
kSPcwZ,950,930
OTSrTACkVoCDQiqtfGwsydXZyk,397,343
LBNbWH,25,534
xLqvxjUqTcCiaglpwnOHht,700,708
toSrBBQhLiOYHlyCxnQD,508,621
PzMaRpWRpMlbuJVuFUaYT,527,305
IpmKDSjqssncmCBuSfvKQhF,758,8
FrMAIjVmqpCUaOMEPYkwy,996,466
HgvvvFflrmhqzVyyOWaQ,215,623
kGPEeBzd,122,166
QfHENFSuRQCp,12,802
CEWpfKXWRVAhdovnnB,815,350
mqPJ,387,119
cXWPxqzKfOrLM,701,745
ZCqhd,545,982
cehsZYDhlwojquTLYIQPO,721,975
JPyjzPExS,340,140
KaTwDXnOwCMVhpUvDLIN,531,698
ThtAiGpnLBfISWS,901,120
NgaMrtHYOCOdXtLqFuwMPwZH,406,392
MwYFHuMovHvXiMrBF,524,969
tQumFYqitsUXoM,125,810
YCLtVbedLicfAvTPviYxCEyesmFSYbi,963,598
SLBvMmFaohYrSojCbRziTlWxw,865,393
YmNwgLcgihfBZYRqAnE,630,122
sChiOkDLgMHhqOpkbVgsND,302,120
xKwlgQyCUwdHFD,34,828
JJ,984,771
NXGnLfFOxUfCgXrwu,803,871
VFrGutQbZdWftzmCif,830,760
QTLtvERkIxACvwpoaowamctFXAnwIFY,898,327
JmOZdnvFTWLsLJn,622,143
zBeYSmwHfzbLmyLcy,265,481
fGMUCgmpap,36,532
QTJmadJUyQtyLXwGQlqfpL,373,529
cyugLXNyysSktGCRuDcJG,348,431
UFZlykhbgBTGJSLF,748,272
BffozogflniNssGtRtuE,549,668
lpCaisSQUKXPcBwWnPrCWVAyOVezLq,736,167
oezeY,336,838
qEmMNuixCZrxZLuIu,320,83
f,879,669
kzWZUKoQWNQjUmZcaJfwsYpMJqCoVI,504,434
tmjArKvKvmzEotJdHJGyVpmFdtzAbx,664,167
ojkdTVecYlBvedoCYYtCUxH,57,600
dPkSbgFiCsc,870,935
dqogAsHghciwGJZouUAodZwkPERflM,817,387
vccLKM,653,565
rJGPntthQCoZT,179,303
bMOHhfioXeVimwaQ,654,141
uQdxzTNVeBFYCyaEIqvVPeaGLLTol,228,258
ooKEfjUnFvIjraIEKEIhEsTFhzNBXxm,110,600
MlrphHzucdJnsvKvBgnXjPLx,766,189
HybAiDEiLeCONU,548,952
vlPBWQBl,810,348
MUgRfCRqCjkjfHUMefLXTtHqNfjTjPN,628,771
AQlmsnRNYcNMndbEjBo,699,955
jpzwNQAGcDcNSRrRqRXvqcBnTmN,204,733
USLIXkGW,547,556
eq,845,702
PYArXAFyQTYMNlBLjZxHZTJuOPjdl,771,560
rJxrFIodggvRaJdWbmuRAIFzSjItWU,509,358
uzzxQMTdBEAKjcSikmxrZxOCb,798,209
EbRPIFSM,895,754
eJTxZzRsczSPUFOGdlfNlYAIlq,230,510
UhT,885,512
BIWtGHZsgnNuGAjOidyhhLDjFmltmDI,253,7
acoBwmI,510,204
ArprbtxJLqpHscBytcUppMwL,280,111
eAwVEbInybQpaJ,556,150
rhnovkNFmhsEDDgS,210,340
gwJG,188,512
kTIfqTLHQoLvRfDb,654,692
uEwV,303,152
IwgyilbQlkTEEiI,928,799
jpUnZqeVuyozocLNnHWkrLwCNgaGNUW,495,678
sM,441,86
UgmbY,648,578
isykDGjUlx,939,245
rivGAvuLdAMvfxHRkNYHaoYVftBKwa,288,682
q,974,487
cdKo,185,792
lGXtNcH,482,231
yGAlKytlvMOQkkalJdDqa,969,63
BVfZgcyLJbSpftGJbiDiI,943,121
uiunRpEIHwxIMIZVMkadhIxRij,772,527
BZAYcqXZaNLJFYZx,34,88
kmJusCQFUoKjJGaESzu,508,320
QXbCtEbZBZzZjJahYjkmtHTHE,792,236
OtCJYaQmfjAncTpAoSnYNsDwyHutS,506,217
xHe,765,180
zxGm,496,131
wlWvlych,108,813
vIWvMZWTUJfrQXGHcrefZEScsdlDUVk,930,695
lPXYZgcDwjEpAmQsR,549,262
DA,113,185
ZUfsqapVkVhxaeFLwPCOavwiBdfq,909,470
FCKcC,742,409
UWyNTohPmklAkhJh,353,469
JuBjBUGgLUx,404,278
ZOsATxZCtJrGCGokarsAnS,66,930
JIKAoIhdQJw,270,861
lPbgMFkMgzfqYFiyDYEGPDCKWa,279,82
dtIwBNUS,486,130
irYpgeGBdCNxKCVKmXAPJ,323,916
AqMkCcrvihBsSOyeBMbjudxerfThh,423,410
xifAoEySJOphmcZsWH,620,538
OXDPtzbTURvhW,949,261
MprNuIoqMyRsuaviSbRzx,71,297
GTIYkvBwUpslcLTGOqhxcXVD,799,540
daayekbPUNjtnkBYKcbXAlNnnoKQeky,925,190
yzBGezHcBYsrWCHwMt,509,759
oguHO,232,550
zCxoxZFtcoIgJ,190,342
OVmoePnLcnreRebXKFlJfOw,715,809
noZGzJgPjIFGlcSgfeGFrjHDKwsb,790,255
jtxTLmBCPlwKpanrMFGiYEYJrtWOP,642,380
fWfUKWdBKOynUbhLPWIxhZIBXh,631,104
eqxOHqPTaKMedywEttx,731,258
pADXjikaBEn,636,819
mRQDVjxuhBQnYzNuMqnrRKDjDmoRW,635,110
VFZtTgUyJOPjaIxuPAvDdevsi,727,187
SzSCLQDFrbkgBvnsZmkiGiFsCQgRzrJ,315,471
RNWAMOxOeZu,626,574
QrQSeVJWdzHzncjCkpBtukdcWAav,348,207
aSJGgRdfVKEXkODEyyG,28,213
Ppee,807,287
fBuwyfRyAaTOtYqjLhFpuwelpDGNWx,894,939
cGazPrrbsDKlcMR,320,564
RGHS,915,318
iVMyhRNGBlXQnauucjnn,236,133
alcnYIzCtkYUwalUrERviFQUEFxfDm,86,861
ubZvqVzKbDykipugIXvfiwksIfyFoF,298,947
xMtKbbdVtbQwws,654,827
n,977,709
BlUkosZeEgVHELpDrCWdlAAozkk,670,989
qCxeMXFsTeuPhd,215,561
KMqnLKJj,305,51
mygbgPbrCGxcbPMlOewtG,813,806
YmJVBPFM,376,342
jOXVKMJMEvJAkS,38,245
eSSEBDN,876,995
zGD,924,769
OqBrgLRciHtCFre,78,983
nHMJipPFwczdeNMcNmxSeaiE,887,907
GcgzGzPuxvtWHndVLVLHNKEn,161,874
hjhSHlsNPskmZMTCDJbal,122,57
yIoKYsYNldEhnRCBnpJlQwyjJeNsA,523,222
ZMaEIkhKfUBUAnDzTKqTWaONLUwIqAo,276,807
NPPSyuhlvffXVtHzOfOYpl,911,162
vOihCLfO,991,661
isofMbZAepK,994,9
lNxPMsfVmpIF,557,625
bNXBEkxVhLyNKHUITPZAdCEtdmBUwdy,730,768
UZqbj,177,242
iwmOZQsrL,819,599
p,384,241
IrkpNlSygKZuEj,440,76
AVlgZixTDBOSREGGoAIS,684,550
NXOQZgYnGEhpKAfTJotTkygS,919,55
BwqwJBzFcmPOV,425,395
GShdKGmEPGArscYAdlsV,763,156
jqnvrLZrRNXWiglvTREDPX,5,847
ntbRd,207,360
YwxSghZYJsOUUICOBSnOq,47,74
QKJZCmUNEUvvRsHMXISkzNEVYUcucS,651,497
oAbvOmdGLlzOCWCSrUsx,433,253
KUDEYEMuR,280,152
gJXrTgeml,474,194
QQZvhmCFMCWIxiEM,239,751
un,308,952
EfBlYYRUjImOSfPpsNhsKfDZQEBfDw,607,66
yyEImzSlUKkItQaTWiKKEkeUL,711,314
PisMaklIMZqfimMGVjidyBep,518,408
CeRRvACoo,192,334
KAjpTXBmtohuJJLNbdEi,706,36
osLLAApkOSRrCEFHvt,961,955
HQW,136,634
IvZrbmhvLPAfsurY,80,32
SDDw,600,407
WIexFzoJMjdnReNwWR,247,472
CFCUWJiAgfinggmADzVwlNvJTI,401,672
fZlzLugNgCqrrHqfmacgRMHo,666,632
JBxODUYpmwNJtTHVgu,949,842
Pd,675,777
yNvalnaUYhldVQENjy,529,327
lWpQeFNmCyKDxeAndbvbqCCMzcJgzW,336,578
ISdgupjIvoTVpdhXdd,952,815
BqEJNgwzTHmmRY,752,484
tDSZsdguCiMZPhuHsHDPUV,330,551
OuZzmpqtCULPSjjmqPz,702,392
uJyHPooi,588,682
pPLLkFOewju,180,985
umGVx,509,890
YOtv,535,632
okaxdIglRQUKbgoBpmGXSIO,144,297
rHaBAPmvgOag,146,612
teHndVhzJkQYqtCibRHBDztacwOJ,704,173
OscwKbsDDb,690,220
PW,600,553
imRCufITiApo,645,928
AvzIQcFMFPPXg,445,707
LhJfeWVJUzCxXsdVtC,662,627
aoKEAIJICpmeVlReEFqjcIB,256,805
ckPyz,81,698
csXOupFlmp,709,490
LDtzlVdDTBgdEsuFeqUYHEn,354,967
mxgypzdu,357,430
rEWIRt,809,317
w,962,632
cyrwZbzgAwoefwLjnvYxJuAUHZnIHMm,419,695
kqPHALzUApmZMDQtEIAxlwiVTaDDva,841,162
QKkylZVmlyuuySge,857,681
eZkhpWQFjxxWfiFJFDBtFGP,354,305
jRlh,372,539
HpH,536,814
VXHI,495,992
qbloyO,534,934
YcKEqGblcBtLqWdMDiRITMVKURWN,101,80
d,931,64
nOREzrAKFYRTjODNVAv,723,555
bAzQjEaH,969,975
zJREUP,734,30
BkJeqlzRGwTBveO,661,284
DAbukCUt,754,290
ZJvdnmATnHiqoldlnnEJMxA,81,998
gTZcSBifKCpIHvxVltQEjNENWHgYzb,687,405
qUEjnTUXfyqOUwXSKOPQrYndhAxtdp,995,349
rrkHdVVqBbSJkmAuvwi,909,717
LtndDIVqUAtBVfLrZjfUHXAeHM,970,239
byKhr,618,360
AiajGqlpOmPTFuBDFFYvwwrTbJwz,390,179
JgvlsBqFOMiQGFnuWzXI,197,88
IgBqprOzyHBbTwXSX,386,463
VCvZJXOQGb,802,182
IOnDNzyYRufqseECXCHHRblBaaRkEuZ,496,793
cfdZzTfaRGZJBLnZcjXb,892,873
xeqeA,771,854
ueUdhgJKJRqtRbtYSwjVzZeC,34,217
nqGnaoYDLlridsfksgXc,939,189
TPqPNfjIVVimCvjEc,95,636
XOpNDdbNQTLtndTqnnpKM,248,521
rkc,995,729
qiIylaDoJZnIbto,291,109
YTcSYSKEJPVcTxhLwAa,695,15
VelDmrphUvHlFvhPBposWVYrYnf,54,87
gIis,919,194
hEtHDc,890,207
JMppEBgStLkCQLm,806,619
tBFHOFyAeRYEeIzoVIZ,134,633
qtNx,257,520
foSUyudVslxDOGLqabmjDbM,897,650
p,248,599
YdzoMFAtoVfQyskvjRiMPbz,901,391
jcWwGVKPIiXvxeAHrsmwoIxI,708,804
IxvwOEpOsQjkLD,988,459
DqJihelpjHFQPPTnwL,436,565
qsyRlKJYCUFp,410,841
RxzVwguQHhBUl,386,987
PJOtszzrSiPPMXFpiSX,748,356
ouiUcNeHTdLeb,57,118
NS,506,260
JiCelMxfKqwOBoilXkPb,837,212
DTjxtpisFRO,56,22
jjnyui,997,320
FhNxFznwBWuM,524,436
ufrZXEjyOMhtZjZszcmE,51,104
awMkUItWyf,955,467
R,610,968
yNQRohTgRFymKweCFacPkyjQ,319,896
wYktaAyu,781,116
KtoeSFUkGmpaTqJYlUdVG,764,985
iPZkoDqGryxQT,277,698
TltfLMiC,951,463
hJWTntIikHW,851,332
CesUgcRBOGaOGaDfGYeFcxQZScLfDsF,526,342
UiSTh,118,888
pUxmTsJKqhfVzwjRoSPZgAoGXXdjZ,455,936
abHdrXCssOwoUmgKpTAKLlvN,74,502
HegvmE,115,324
dpPYQeoKlSEJzqSDerxeKXF,545,457
jJpxwt,268,204
GAIQkHKCIEzXYZeXygnEBXpZqwwckPF,645,385
FATVWnDmRRrGcEgFVw,263,445
FehhzCsjcJAFsbpqAuhhwuELkKw,85,160
Ycrceuv,551,706
rHNasPwRRZsFduqcWMRLDO,67,547
wvjpZapqvGFrqCvcRNOsvWDCqqJ,186,227
eKOTofWpzDXz,97,376
jLgqREMdlqYlS,914,317
RUWaQdGMXdfDADydqSqyPhEUFeBDAbF,396,502
GOWHIcl,826,191
xikiAuUtJlH,185,722
ILJDQpBUujwXFJxTUoeBcivODRNv,25,118
wsxQjFXTKDQRdonyLXziSRnLtVJv,776,507
WSlYG,188,742
xyjAZBOGsZEEfIrRhctEUowi,887,998
KOtFQUgIFfHACIYVZXBGM,346,566
jDecUjmcrCnw,352,553
vzqGJflcWAtIVjuuEl,313,239
KoR,370,861
h,190,584
qAWsICaaBhbFDJdsCmZyxsvFSv,426,401
yuuvNrytjdqktLYHcDSYeMCnluuZvmo,807,845
wyWsjXWyXz,890,854
YsCGSnjkeqT,486,204
XaGvqqOQbUVknEC,202,725
egpJuOnKHrTSxQguHkwFynUAMxls,365,569
tXIrkjpDS,446,530
DtcffdfyM,120,944
vQTWXxMi,651,114
LDmVBqaASjIQGhyrZKrGVfsLGncz,988,637
OekBTpMdKnGjTVyY,360,329
jrceaseZzAHnBLRanlMpsodbWSqU,346,993
hrvZBEGkdWUvCiBqUbbAHSCWqqKiFfT,275,565
KewCOktiFzZqMXQdBbxknNAgra,848,75
iRaRvvqhcUMjZuAJHjNRzbEL,809,412
UHyPvYBGAecsKfJGLoErtDmVVcZavu,820,796
uWQFJeYvAQjcze,186,962
nvUltWDwpRbx,420,517
fkkcqAsqRskZLFMrtfzAmLWnSvwZTgL,67,944
UiwK,193,744
DDXCOfskqXSxjpstCgTa,320,272
eGCwvSoOysHIQkogqawg,639,137
qBiuZnWQYxifYZoWVM,294,242
JnsndFvZTmu,175,82
iEpUUwMfnCYZoeycTsidRbjgJ,521,747
fpYnkHvTVxtpyjjB,525,815
OZKSpPSISIVedSobEAOy,566,670
fcTVOydfbTTtdgGuZRCQPBtbpIb,482,211
GcbuNAlAMjnjjqU,769,289
pn,909,734
BPDdUZMbWjeDdgFFQhDAHmlJt,945,284
psEhlkTWxWnjwRBIZo,819,830
CnjmrQOXIcDSiUjofezIJEfC,498,182
O,128,716
GgjvcszexJqKajfpubXU,15,151
ih,98,398
XbmGGF,65,288
MLZhaJYbeyisMmioAnGeDHMLCXIl,553,766
pyYfaAMmsBXmbeSiopIbqSeIN,949,248
HakhyTJPCwwsuSBTCEQyYqMZ,314,564
wKKztQWFSwhpBSWgntCV,349,960
GJH,376,569
uVPOwEvhDdvsnGjhcGFvlQz,499,105
oYlLyunqo,161,925
lGpOcbZGWlfjbLoAQJfTuXOQHICs,300,792
hhoPfYIaSYQ,390,893
jFHmCaEHoyoRTLnEKoIKNWktESN,689,736
WwDArmaVUZRvToaj,599,994
gZZbJRFUYPzNqMQHaVzZrGj,552,942
tuUfyKZoxWHLnFCAhWbrjuDrXgao,849,265
xLBeELeQkFbTIhvx,839,319
cDcvfWOnaGgdVENMwYrBKOVtmzB,253,538
VOX,836,92
jkNUDkqTKNfOQXgmUjYmZNK,246,765
lEFCqXpEah,862,573
vKQZcVxJxJtGZxTaEjQveSUDZOC,224,366
GaBVDnvOzrBshBwQHTUxiPYv,680,516
YYANmAehWJDZPTxXkhCUwkUziRFCSt,294,959
TDgbVxJjwFiPgIoDrC,426,185
iaQWwHmFgicdNRNckrlNEYOC,637,737
qiRAVAVJtmPtXUlDVsM,796,460
KCXNhUsvU,16,706
QSHmffWjUFcG,730,548
mUadLTRNXhDFDwzmrq,73,216
gOfmPvlGDPoTvJYmyCejrmN,281,143
HvfzovhCcIjeSzBDTPXFdezAi,454,436
zMXo,646,434
pblAkmSSyckgvPhaWiOi,355,231
HzGkRAu,577,872
GJHNjSoPC,69,940
IkXefDyY,702,881
VqQFgYNmjoVSJI,110,518
pMDwmLPMEbd,943,936
oUkzgfdBh,552,41
cnePFpLUJep,266,730
e,432,600
FtLl,356,147
lEucoUUWoBwdkTY,577,807
HDBLgpOGV,840,767
iVdfDursanifOdNmzhseweuUuSv,348,23
XSMFpUh,399,20
GOjJYs,277,200
pzr,884,595
H,82,619
XmoNxamsMubcRqyEEQMqf,595,397
yuEEHtthJVaaqg,147,731
ZGnrDDvPDhepmqX,267,992
rDznIRjPsvwEdQrf,989,85
uYeVZXCVRtISjOQXK,763,655
RIU,32,414
tYrzbrJp,291,907
KCkAqtBOaTRoanYsEoPZAOqu,493,726
LCpurTwTk,7,629
AKkEIDqGAXnijTzEHfRbsFU,768,127
MHQLflVGYakRIpEffyEccfnIowHTQt,774,400
JuvCJUFMULFHEVlMZA,816,879
bUpRCGylDKHCeHndZhjvbslZPQKxEKU,916,95
GVHWAmsWt,669,760
FWAIEldRYl,474,554
PCqRwFvEDx,265,207
hZavaaubJZlBnYGQxMUUrNwHO,715,131
PVWDcqFMXfPsPKHrOpcQMsNy,335,95
uw,172,310
BObTnDTRA,998,829
RYIVYfUtVnNEbBJbE,889,994
pLprciViXseMkygtMhVXdrtxhIyD,489,110
YQdMIeyUzsy,453,29
CTGkXltdxPIRHp,601,279
lfeXOZhCcuC,66,815
cmNQeHXytJhesWXjidRsQzVKS,830,89
wpGTwXgSuGQRkFWNWAF,351,875
ttT,883,134
acNUwE,68,835
LIcRNNNbwjeirpEQdTrJx,32,389
HyKXJDSIcBHCycBuvMHvvCjAaIvQ,277,563
mErJAjoukpwRntQJqLiuiV,54,475
xbuaeqRUv,548,131
rJK,783,688
