name,email,timezone
eOMtThyhVNLWUZNRcBaQKxI,fLFROEaHWt@gmail.com,Asia/Thimbu
yedUsFwdkelQbxeTeQOvaScfqIOOmaa,7JWpIMyJjv@gmail.com,Asia/Makassar
JxkyvRnL,xPUJZsObAM@gmail.com,Africa/Kinshasa
RYtGKbgicZaHCBRQDSx,WR0qf3vC3R@gmail.com,America/Barbados
VLhpfQGTMDYpsBZxvfBoeygjb,qFeh6UREj6@gmail.com,America/Cordoba
UMaAIKKIkknjWEXJUfPxxQHeWKEJ,abGgyL68rw@gmail.com,Pacific/Auckland
dpHYZGhtgdntugzvvKAXLhM,efeeHJvSLh@gmail.com,Antarctica/Syowa
LlN,dMGH8sNp3o@gmail.com,Universal
gNfZBdyFGRajVfJNonEnOinZj,ZOpAvz33ae@gmail.com,Europe/Nicosia
UfzQhdgLLfDTDGspDb,6cH8rug33o@gmail.com,NZ
QvBQYuxiXXVytGCxzVllpgTJKhRQq,3GuTAgrsiL@gmail.com,Australia/LHI
qszYL,DHiU015L6n@gmail.com,America/Marigot
YdvDhtAsLghPXAgtbprXPZkhnfLTBSX,4LZ3gEkWgh@gmail.com,Asia/Dubai
sPB,qnEG41Tu3I@gmail.com,Etc/GMT-8
Oxm,PEXMloz3MH@gmail.com,GB
QIn,cAYMLIqHJw@gmail.com,Africa/Libreville
yIvpRgmgQsYEKk,jbMSUKzPaT@gmail.com,Asia/Ashkhabad
AAAryjCRhLTuhnTodUewZQqaZErU,KXHMgjmul0@gmail.com,America/Danmarkshavn
aofGvthLoyPLDADYzx,gYnx8wtnuA@gmail.com,Pacific/Chatham
WoaMAzEEplqjJ,pRV6V2AhtS@gmail.com,US/East-Indiana
jNBgpTmxx,Bhm0rfjqML@gmail.com,America/Lower_Princes
pIoQM,8q8GkiJKvg@gmail.com,America/Ciudad_Juarez
ODRhfGEfX,wjbDiNqpnQ@gmail.com,SystemV/YST9YDT
IoTtOmcBeivNUYv,stsV6QMpNq@gmail.com,Africa/Libreville
PBzMiJFouxILNv,hnDpke7fcY@gmail.com,GB-Eire
FthRIkE,trN3pFylHr@gmail.com,America/Bahia
gEYzhlSTPkcSUyTSbBkU,U7H4XKm5J2@gmail.com,Atlantic/Reykjavik
OV,9NjM29kjKM@gmail.com,Asia/Barnaul
dwprLNbgNvZUMpqAXLJbjE,b5OWUA9gv2@gmail.com,Atlantic/Stanley
TiQaUNWftniOAotnzWvkQt,GE81NQd9Tf@gmail.com,America/St_Kitts
Wru,5Vk9Ec4x0U@gmail.com,Africa/Mbabane
zGVyIdgFUYNdkFYkkjNIeENlreqFLC,rIuu1VVA4I@gmail.com,Asia/Dili
MFOPluIOMfSnzX,c4iV7NFY3A@gmail.com,Europe/Brussels
HuubOREhRXJoDCVcLCRmll,2Em20NQlU1@gmail.com,America/Asuncion
oBeMdQkAoYZDjfWhbzkmA,yzRQrVV75v@gmail.com,America/Cambridge_Bay
NBaxYoMSiMNxLXFLxIok,qwRwVBh4W3@gmail.com,America/Edmonton
teOlrImKiDpJbLDnvK,ofbG3kQsam@gmail.com,America/Bahia_Banderas
DiACnbEKIFidn,W7mBzQHh38@gmail.com,Pacific/Palau
AzTaco,OlNbyUX675@gmail.com,Africa/Timbuktu
M,SM4hiPAC6W@gmail.com,SystemV/PST8
O,anAVmyslN9@gmail.com,Asia/Yekaterinburg
yybxVLsNlAeLWVhnIULZAyLBms,o7Mb3xM4Qu@gmail.com,America/Kentucky/Monticello
LcdeWTdXPlQgjMVXbpRYzBT,2GxPHa5Tj7@gmail.com,America/St_Kitts
jzlglRKAeamYUmWJtnJZLqwakeYcea,s3DL2M1V1o@gmail.com,Etc/GMT-1
YFBlWcoVdFXlfhbUilkMpiHDMU,y0ZqNvPB29@gmail.com,Australia/Lord_Howe
veErKUBEqCrhrtgx,1UtyXYQ4W1@gmail.com,Australia/Canberra
JkjHewSlMWOIVYZjIEB,1Ppg7YjnqX@gmail.com,Europe/Ljubljana
etqguztl,ouCrD05Opr@gmail.com,Europe/Saratov
WtKhlfZzDZ,cjWmmfjGOo@gmail.com,America/Coral_Harbour
xlpKnXmsjfwUTYgfExSOnq,F2JYGzBktg@gmail.com,Pacific/Ponape
