user_id,tweet_id,timestamp,reactionType
54,668,2025-05-03T00:45:56.694934500,RETWEET
373,806,2025-04-21T00:45:56.695937,RETWEET
278,132,2025-04-26T00:45:56.695937,RETWEET
656,634,2025-05-12T00:45:56.695937,RETWEET
479,114,2025-05-14T00:45:56.695937,LIKE
695,978,2025-05-03T00:45:56.695937,RETWEET
10,34,2025-05-16T00:45:56.695937,LIKE
578,170,2025-05-10T00:45:56.695937,REPLY
814,129,2025-05-15T00:45:56.695937,RETWEET
734,661,2025-04-26T00:45:56.695937,REPLY
840,618,2025-04-18T00:45:56.695937,RETWEET
542,752,2025-05-12T00:45:56.695937,LIKE
854,989,2025-05-10T00:45:56.695937,RETWEET
630,419,2025-04-26T00:45:56.695937,RETWEET
429,205,2025-05-10T00:45:56.695937,REPLY
637,720,2025-04-18T00:45:56.695937,LIKE
156,829,2025-04-26T00:45:56.695937,RETWEET
367,74,2025-05-07T00:45:56.695937,RETWEET
564,456,2025-04-29T00:45:56.695937,LIKE
841,643,2025-04-23T00:45:56.695937,LIKE
435,64,2025-05-14T00:45:56.695937,RETWEET
228,931,2025-04-24T00:45:56.695937,LIKE
299,777,2025-04-29T00:45:56.695937,LIKE
328,243,2025-05-11T00:45:56.695937,RETWEET
330,93,2025-04-21T00:45:56.695937,RETWEET
542,426,2025-04-19T00:45:56.695937,RETWEET
625,719,2025-05-05T00:45:56.695937,REPLY
52,549,2025-05-07T00:45:56.695937,REPLY
277,484,2025-04-19T00:45:56.695937,REPLY
578,130,2025-04-21T00:45:56.695937,REPLY
657,946,2025-04-17T00:45:56.696935700,REPLY
819,653,2025-04-20T00:45:56.696935700,RETWEET
91,958,2025-05-10T00:45:56.696935700,LIKE
138,789,2025-05-02T00:45:56.696935700,LIKE
193,477,2025-04-21T00:45:56.696935700,LIKE
52,857,2025-05-08T00:45:56.696935700,LIKE
516,330,2025-05-14T00:45:56.696935700,REPLY
35,442,2025-04-19T00:45:56.696935700,LIKE
248,996,2025-05-08T00:45:56.696935700,RETWEET
796,945,2025-04-29T00:45:56.696935700,REPLY
379,488,2025-04-30T00:45:56.696935700,REPLY
922,152,2025-05-15T00:45:56.696935700,RETWEET
828,131,2025-05-14T00:45:56.696935700,LIKE
919,164,2025-05-07T00:45:56.696935700,REPLY
937,75,2025-04-25T00:45:56.696935700,RETWEET
868,246,2025-04-30T00:45:56.696935700,REPLY
755,587,2025-05-09T00:45:56.696935700,REPLY
474,433,2025-05-09T00:45:56.696935700,LIKE
968,640,2025-05-05T00:45:56.696935700,REPLY
363,106,2025-05-01T00:45:56.696935700,REPLY
643,753,2025-05-15T00:45:56.697935900,LIKE
162,386,2025-05-01T00:45:56.697935900,REPLY
722,450,2025-05-12T00:45:56.697935900,REPLY
267,868,2025-05-14T00:45:56.697935900,RETWEET
464,698,2025-05-04T00:45:56.697935900,LIKE
136,114,2025-05-01T00:45:56.698938400,LIKE
254,181,2025-04-26T00:45:56.698938400,REPLY
905,2,2025-04-29T00:45:56.698938400,RETWEET
573,264,2025-04-20T00:45:56.698938400,LIKE
703,55,2025-04-17T00:45:56.698938400,REPLY
157,967,2025-05-06T00:45:56.698938400,REPLY
53,353,2025-05-02T00:45:56.698938400,LIKE
380,156,2025-05-11T00:45:56.698938400,RETWEET
361,280,2025-05-06T00:45:56.698938400,LIKE
498,644,2025-04-18T00:45:56.698938400,RETWEET
304,700,2025-05-11T00:45:56.698938400,RETWEET
56,373,2025-04-19T00:45:56.698938400,LIKE
645,60,2025-05-06T00:45:56.698938400,REPLY
84,30,2025-04-23T00:45:56.698938400,RETWEET
665,148,2025-05-04T00:45:56.698938400,RETWEET
827,75,2025-05-04T00:45:56.698938400,REPLY
799,58,2025-05-02T00:45:56.698938400,REPLY
554,441,2025-04-22T00:45:56.698938400,LIKE
291,689,2025-05-15T00:45:56.698938400,REPLY
883,491,2025-05-11T00:45:56.698938400,LIKE
728,159,2025-05-13T00:45:56.698938400,LIKE
303,826,2025-05-13T00:45:56.698938400,REPLY
563,466,2025-04-30T00:45:56.698938400,REPLY
468,516,2025-05-09T00:45:56.698938400,REPLY
668,736,2025-05-14T00:45:56.698938400,RETWEET
587,22,2025-05-02T00:45:56.698938400,LIKE
424,597,2025-04-30T00:45:56.698938400,RETWEET
962,678,2025-05-16T00:45:56.698938400,REPLY
574,747,2025-05-04T00:45:56.698938400,LIKE
553,485,2025-05-10T00:45:56.698938400,LIKE
762,602,2025-04-27T00:45:56.698938400,REPLY
966,117,2025-04-20T00:45:56.698938400,RETWEET
930,846,2025-05-03T00:45:56.698938400,REPLY
560,314,2025-04-26T00:45:56.698938400,LIKE
812,463,2025-04-20T00:45:56.698938400,REPLY
631,906,2025-05-01T00:45:56.698938400,LIKE
512,26,2025-04-17T00:45:56.698938400,REPLY
54,772,2025-04-25T00:45:56.700030200,REPLY
948,198,2025-04-22T00:45:56.700030200,REPLY
857,677,2025-05-04T00:45:56.700030200,LIKE
916,754,2025-04-20T00:45:56.700030200,LIKE
611,564,2025-05-08T00:45:56.700030200,REPLY
520,341,2025-05-02T00:45:56.700030200,RETWEET
281,149,2025-05-10T00:45:56.700030200,LIKE
808,671,2025-05-05T00:45:56.700030200,REPLY
683,908,2025-04-20T00:45:56.700030200,RETWEET
113,540,2025-04-21T00:45:56.700030200,LIKE
603,980,2025-05-14T00:45:56.700030200,REPLY
692,738,2025-04-23T00:45:56.700030200,RETWEET
339,491,2025-05-16T00:45:56.700030200,REPLY
971,128,2025-05-05T00:45:56.700030200,RETWEET
603,519,2025-05-07T00:45:56.700030200,RETWEET
608,919,2025-04-21T00:45:56.700030200,RETWEET
642,571,2025-04-23T00:45:56.700030200,LIKE
310,211,2025-04-26T00:45:56.700030200,LIKE
296,82,2025-04-18T00:45:56.700030200,LIKE
18,697,2025-04-20T00:45:56.700030200,LIKE
738,994,2025-05-15T00:45:56.700030200,RETWEET
189,474,2025-05-06T00:45:56.700030200,RETWEET
257,603,2025-04-20T00:45:56.700030200,RETWEET
929,388,2025-05-13T00:45:56.700030200,RETWEET
1000,181,2025-04-25T00:45:56.700030200,REPLY
134,450,2025-05-15T00:45:56.700030200,LIKE
550,543,2025-05-15T00:45:56.700030200,RETWEET
761,755,2025-05-06T00:45:56.700030200,LIKE
529,837,2025-04-27T00:45:56.700030200,RETWEET
769,385,2025-04-25T00:45:56.700030200,REPLY
303,124,2025-05-12T00:45:56.700030200,REPLY
651,880,2025-04-25T00:45:56.700030200,REPLY
100,635,2025-04-21T00:45:56.700030200,RETWEET
629,18,2025-05-16T00:45:56.701029300,LIKE
339,275,2025-04-26T00:45:56.701029300,REPLY
37,763,2025-05-01T00:45:56.701029300,REPLY
717,642,2025-05-10T00:45:56.701978300,REPLY
582,780,2025-05-02T00:45:56.702937200,LIKE
235,470,2025-04-23T00:45:56.702937200,REPLY
659,985,2025-05-04T00:45:56.702937200,RETWEET
753,972,2025-04-18T00:45:56.702937200,RETWEET
555,727,2025-04-19T00:45:56.702937200,LIKE
269,49,2025-04-25T00:45:56.702937200,RETWEET
470,550,2025-04-22T00:45:56.702937200,REPLY
997,623,2025-05-10T00:45:56.702937200,LIKE
999,442,2025-05-03T00:45:56.702937200,RETWEET
164,927,2025-05-03T00:45:56.702937200,REPLY
179,653,2025-05-08T00:45:56.702937200,LIKE
803,387,2025-05-09T00:45:56.702937200,RETWEET
255,185,2025-04-18T00:45:56.702937200,REPLY
631,758,2025-05-09T00:45:56.702937200,RETWEET
384,280,2025-05-07T00:45:56.702937200,RETWEET
452,44,2025-05-07T00:45:56.702937200,RETWEET
69,48,2025-05-09T00:45:56.702937200,REPLY
88,363,2025-04-28T00:45:56.702937200,REPLY
811,72,2025-05-01T00:45:56.702937200,RETWEET
110,391,2025-05-13T00:45:56.702937200,RETWEET
440,139,2025-04-25T00:45:56.702937200,LIKE
49,278,2025-04-25T00:45:56.702937200,RETWEET
628,256,2025-04-21T00:45:56.702937200,LIKE
730,196,2025-05-10T00:45:56.702937200,LIKE
244,690,2025-05-01T00:45:56.702937200,LIKE
581,962,2025-04-29T00:45:56.702937200,LIKE
390,803,2025-05-08T00:45:56.702937200,REPLY
606,830,2025-05-10T00:45:56.702937200,REPLY
543,839,2025-04-25T00:45:56.702937200,LIKE
839,239,2025-05-10T00:45:56.702937200,LIKE
28,467,2025-04-22T00:45:56.702937200,RETWEET
128,40,2025-04-25T00:45:56.702937200,LIKE
369,990,2025-05-04T00:45:56.702937200,REPLY
993,640,2025-04-30T00:45:56.702937200,LIKE
822,569,2025-05-13T00:45:56.702937200,RETWEET
284,729,2025-04-24T00:45:56.704031100,RETWEET
417,971,2025-04-27T00:45:56.704031100,REPLY
712,30,2025-05-02T00:45:56.704031100,LIKE
588,912,2025-05-07T00:45:56.704031100,RETWEET
617,617,2025-05-14T00:45:56.704031100,LIKE
508,855,2025-05-05T00:45:56.704031100,RETWEET
443,879,2025-04-28T00:45:56.704031100,REPLY
618,281,2025-05-16T00:45:56.704031100,LIKE
619,661,2025-04-20T00:45:56.704031100,LIKE
794,488,2025-04-30T00:45:56.704031100,LIKE
666,439,2025-04-29T00:45:56.704031100,LIKE
892,872,2025-05-05T00:45:56.704031100,REPLY
558,312,2025-05-07T00:45:56.704031100,RETWEET
213,948,2025-04-26T00:45:56.704031100,RETWEET
461,807,2025-05-11T00:45:56.704031100,RETWEET
465,963,2025-05-14T00:45:56.704031100,RETWEET
151,675,2025-04-21T00:45:56.704031100,LIKE
903,129,2025-05-14T00:45:56.704031100,LIKE
5,860,2025-05-02T00:45:56.704031100,LIKE
433,985,2025-05-12T00:45:56.704031100,REPLY
615,246,2025-05-15T00:45:56.704031100,REPLY
981,845,2025-05-01T00:45:56.704031100,LIKE
947,395,2025-04-24T00:45:56.704031100,RETWEET
830,748,2025-05-04T00:45:56.704031100,REPLY
278,296,2025-04-30T00:45:56.704031100,LIKE
962,374,2025-04-29T00:45:56.704031100,LIKE
600,740,2025-05-16T00:45:56.704031100,RETWEET
864,736,2025-05-05T00:45:56.704031100,LIKE
422,940,2025-05-09T00:45:56.704031100,LIKE
523,194,2025-04-25T00:45:56.704031100,REPLY
340,616,2025-04-22T00:45:56.704031100,LIKE
324,787,2025-04-23T00:45:56.704031100,LIKE
724,474,2025-04-24T00:45:56.705027700,RETWEET
539,593,2025-05-02T00:45:56.705027700,LIKE
693,297,2025-05-08T00:45:56.705027700,REPLY
228,889,2025-04-27T00:45:56.705027700,REPLY
834,187,2025-04-18T00:45:56.705027700,RETWEET
397,364,2025-04-24T00:45:56.705027700,LIKE
888,176,2025-05-02T00:45:56.705027700,LIKE
138,471,2025-04-24T00:45:56.705027700,REPLY
452,594,2025-05-02T00:45:56.705027700,LIKE
241,454,2025-05-15T00:45:56.705027700,REPLY
122,1,2025-04-22T00:45:56.705027700,REPLY
342,26,2025-04-18T00:45:56.705027700,RETWEET
366,38,2025-05-13T00:45:56.705027700,LIKE
516,302,2025-04-26T00:45:56.705027700,LIKE
461,601,2025-05-15T00:45:56.705027700,LIKE
498,948,2025-05-02T00:45:56.705027700,REPLY
984,892,2025-04-19T00:45:56.705027700,REPLY
425,951,2025-04-17T00:45:56.705027700,REPLY
222,751,2025-05-01T00:45:56.705027700,RETWEET
618,219,2025-05-14T00:45:56.705027700,LIKE
872,466,2025-04-25T00:45:56.705027700,REPLY
468,803,2025-05-14T00:45:56.705027700,RETWEET
68,253,2025-05-07T00:45:56.705027700,REPLY
534,359,2025-05-15T00:45:56.705027700,RETWEET
848,778,2025-04-28T00:45:56.705027700,LIKE
812,411,2025-04-22T00:45:56.705027700,LIKE
266,1000,2025-04-24T00:45:56.705027700,REPLY
425,163,2025-04-21T00:45:56.705027700,LIKE
877,318,2025-05-08T00:45:56.705027700,LIKE
205,714,2025-05-10T00:45:56.705027700,REPLY
796,705,2025-04-20T00:45:56.705027700,LIKE
666,33,2025-04-17T00:45:56.705027700,REPLY
682,957,2025-04-22T00:45:56.705027700,RETWEET
15,511,2025-05-02T00:45:56.705027700,LIKE
938,945,2025-05-09T00:45:56.706027700,LIKE
2,842,2025-05-15T00:45:56.706027700,LIKE
830,44,2025-04-24T00:45:56.706027700,RETWEET
54,224,2025-04-20T00:45:56.706027700,LIKE
404,614,2025-05-12T00:45:56.706027700,RETWEET
223,574,2025-05-07T00:45:56.706027700,REPLY
266,362,2025-05-14T00:45:56.706027700,REPLY
45,602,2025-04-22T00:45:56.706027700,REPLY
138,753,2025-04-29T00:45:56.706027700,REPLY
466,228,2025-05-12T00:45:56.706027700,LIKE
54,665,2025-05-15T00:45:56.706027700,LIKE
254,939,2025-04-26T00:45:56.706027700,LIKE
661,656,2025-04-29T00:45:56.706027700,LIKE
4,720,2025-05-16T00:45:56.706027700,RETWEET
199,599,2025-05-08T00:45:56.706027700,LIKE
478,702,2025-04-29T00:45:56.706027700,LIKE
34,797,2025-05-08T00:45:56.706027700,REPLY
620,473,2025-04-18T00:45:56.706027700,REPLY
578,594,2025-04-25T00:45:56.706027700,RETWEET
452,336,2025-05-04T00:45:56.706027700,REPLY
637,945,2025-05-13T00:45:56.706027700,RETWEET
237,186,2025-04-22T00:45:56.706027700,REPLY
240,407,2025-04-18T00:45:56.706027700,RETWEET
441,346,2025-04-30T00:45:56.706027700,RETWEET
591,497,2025-05-09T00:45:56.706027700,RETWEET
220,48,2025-04-26T00:45:56.706027700,REPLY
1,892,2025-05-13T00:45:56.706027700,RETWEET
662,99,2025-05-02T00:45:56.706935500,REPLY
72,269,2025-04-30T00:45:56.706935500,LIKE
730,726,2025-05-15T00:45:56.706935500,RETWEET
572,10,2025-04-27T00:45:56.706935500,RETWEET
465,624,2025-05-10T00:45:56.706935500,RETWEET
580,967,2025-05-08T00:45:56.706935500,REPLY
552,7,2025-05-12T00:45:56.706935500,LIKE
535,373,2025-05-09T00:45:56.706935500,RETWEET
183,388,2025-05-10T00:45:56.706935500,REPLY
270,247,2025-04-29T00:45:56.706935500,REPLY
60,932,2025-04-17T00:45:56.706935500,RETWEET
469,328,2025-05-05T00:45:56.706935500,RETWEET
146,807,2025-05-10T00:45:56.706935500,LIKE
979,828,2025-04-22T00:45:56.706935500,RETWEET
865,205,2025-05-15T00:45:56.706935500,REPLY
372,104,2025-05-07T00:45:56.706935500,LIKE
437,501,2025-04-26T00:45:56.706935500,REPLY
204,231,2025-05-10T00:45:56.706935500,LIKE
44,262,2025-05-11T00:45:56.706935500,LIKE
303,750,2025-05-06T00:45:56.707935400,RETWEET
554,413,2025-05-03T00:45:56.707935400,RETWEET
200,15,2025-05-10T00:45:56.707935400,RETWEET
11,589,2025-04-22T00:45:56.707935400,RETWEET
367,572,2025-05-14T00:45:56.707935400,LIKE
954,522,2025-05-11T00:45:56.707935400,LIKE
352,777,2025-04-24T00:45:56.707935400,LIKE
9,341,2025-05-11T00:45:56.707935400,LIKE
310,932,2025-04-19T00:45:56.707935400,RETWEET
654,761,2025-04-26T00:45:56.707935400,REPLY
613,771,2025-04-28T00:45:56.707935400,LIKE
778,551,2025-05-16T00:45:56.707935400,RETWEET
513,189,2025-04-22T00:45:56.707935400,RETWEET
89,632,2025-04-19T00:45:56.707935400,RETWEET
355,929,2025-04-18T00:45:56.707935400,LIKE
79,19,2025-04-21T00:45:56.707935400,LIKE
207,274,2025-04-23T00:45:56.707935400,LIKE
898,424,2025-04-17T00:45:56.707935400,LIKE
500,936,2025-04-23T00:45:56.707935400,REPLY
943,357,2025-04-20T00:45:56.707935400,RETWEET
613,692,2025-05-13T00:45:56.707935400,RETWEET
431,848,2025-05-03T00:45:56.707935400,REPLY
440,52,2025-04-30T00:45:56.707935400,RETWEET
220,294,2025-04-19T00:45:56.707935400,REPLY
792,804,2025-04-26T00:45:56.707935400,LIKE
231,533,2025-04-28T00:45:56.707935400,RETWEET
819,404,2025-05-07T00:45:56.707935400,RETWEET
188,56,2025-05-14T00:45:56.707935400,LIKE
399,38,2025-04-19T00:45:56.707935400,RETWEET
98,332,2025-05-14T00:45:56.707935400,LIKE
723,513,2025-05-11T00:45:56.707935400,REPLY
250,924,2025-04-18T00:45:56.709037,RETWEET
412,241,2025-05-11T00:45:56.709037,RETWEET
998,610,2025-05-15T00:45:56.709037,LIKE
435,635,2025-04-27T00:45:56.709037,RETWEET
727,716,2025-04-26T00:45:56.709037,REPLY
683,695,2025-05-02T00:45:56.709037,REPLY
21,530,2025-05-13T00:45:56.709037,RETWEET
796,460,2025-04-27T00:45:56.709037,RETWEET
579,471,2025-05-16T00:45:56.709037,LIKE
7,902,2025-05-16T00:45:56.709037,LIKE
10,936,2025-04-28T00:45:56.709037,RETWEET
710,462,2025-05-08T00:45:56.709037,LIKE
126,409,2025-05-16T00:45:56.709037,RETWEET
424,646,2025-04-21T00:45:56.709037,LIKE
914,347,2025-05-16T00:45:56.709037,RETWEET
876,973,2025-04-18T00:45:56.709037,RETWEET
969,125,2025-05-11T00:45:56.709037,RETWEET
345,381,2025-05-09T00:45:56.709037,RETWEET
337,198,2025-04-28T00:45:56.709037,RETWEET
268,922,2025-05-06T00:45:56.709037,REPLY
558,441,2025-05-05T00:45:56.709037,RETWEET
546,608,2025-05-11T00:45:56.709037,REPLY
397,680,2025-05-01T00:45:56.709037,LIKE
966,413,2025-05-11T00:45:56.709037,LIKE
943,507,2025-05-07T00:45:56.709037,LIKE
279,308,2025-05-11T00:45:56.709037,RETWEET
183,187,2025-05-04T00:45:56.709037,REPLY
171,477,2025-05-16T00:45:56.709037,LIKE
508,996,2025-04-20T00:45:56.709037,RETWEET
325,540,2025-04-20T00:45:56.709037,LIKE
782,809,2025-04-20T00:45:56.709037,RETWEET
987,320,2025-04-20T00:45:56.709037,RETWEET
149,749,2025-05-03T00:45:56.709037,RETWEET
48,74,2025-05-12T00:45:56.709037,RETWEET
443,481,2025-04-20T00:45:56.709037,REPLY
5,198,2025-05-15T00:45:56.709037,LIKE
667,566,2025-04-22T00:45:56.710029400,RETWEET
319,84,2025-04-28T00:45:56.710029400,LIKE
738,729,2025-04-21T00:45:56.710029400,LIKE
149,594,2025-04-20T00:45:56.710029400,REPLY
604,379,2025-05-08T00:45:56.710029400,RETWEET
747,894,2025-04-20T00:45:56.710029400,REPLY
233,551,2025-05-03T00:45:56.710029400,REPLY
403,263,2025-05-01T00:45:56.710029400,REPLY
428,791,2025-04-25T00:45:56.710029400,REPLY
830,186,2025-04-21T00:45:56.710029400,LIKE
629,914,2025-05-01T00:45:56.710029400,REPLY
696,999,2025-05-15T00:45:56.710029400,RETWEET
709,208,2025-04-30T00:45:56.710029400,RETWEET
448,494,2025-04-25T00:45:56.710029400,RETWEET
167,147,2025-04-20T00:45:56.710029400,REPLY
164,886,2025-05-07T00:45:56.710029400,RETWEET
955,365,2025-05-07T00:45:56.710029400,RETWEET
229,822,2025-05-12T00:45:56.710029400,LIKE
134,98,2025-05-07T00:45:56.710029400,LIKE
928,774,2025-04-17T00:45:56.710029400,REPLY
457,155,2025-05-16T00:45:56.710029400,LIKE
963,49,2025-04-23T00:45:56.710029400,LIKE
857,758,2025-05-14T00:45:56.710029400,LIKE
818,136,2025-04-23T00:45:56.710029400,LIKE
722,926,2025-04-18T00:45:56.710029400,RETWEET
915,551,2025-05-16T00:45:56.710029400,LIKE
567,148,2025-04-22T00:45:56.710029400,LIKE
857,416,2025-05-09T00:45:56.710029400,LIKE
991,255,2025-04-27T00:45:56.710029400,REPLY
90,949,2025-04-17T00:45:56.710029400,REPLY
745,359,2025-05-06T00:45:56.710029400,REPLY
837,996,2025-04-22T00:45:56.710029400,REPLY
288,537,2025-04-26T00:45:56.710029400,RETWEET
482,669,2025-04-20T00:45:56.710029400,REPLY
735,146,2025-04-19T00:45:56.710029400,RETWEET
255,119,2025-05-10T00:45:56.711028500,RETWEET
70,963,2025-04-29T00:45:56.711028500,RETWEET
824,199,2025-05-12T00:45:56.711028500,RETWEET
356,709,2025-04-20T00:45:56.711028500,LIKE
503,266,2025-04-24T00:45:56.711028500,LIKE
651,664,2025-04-26T00:45:56.711028500,RETWEET
552,549,2025-04-22T00:45:56.711028500,REPLY
75,235,2025-04-18T00:45:56.711028500,LIKE
397,427,2025-05-07T00:45:56.711028500,LIKE
630,563,2025-05-14T00:45:56.711028500,REPLY
650,422,2025-05-09T00:45:56.711028500,LIKE
811,547,2025-04-22T00:45:56.711028500,REPLY
934,61,2025-05-13T00:45:56.711028500,RETWEET
486,957,2025-04-22T00:45:56.711028500,REPLY
73,568,2025-04-21T00:45:56.711028500,REPLY
348,953,2025-05-07T00:45:56.711028500,REPLY
250,588,2025-05-11T00:45:56.711935900,REPLY
848,986,2025-04-26T00:45:56.711935900,REPLY
202,440,2025-05-08T00:45:56.711935900,RETWEET
541,535,2025-04-30T00:45:56.711935900,RETWEET
673,438,2025-05-12T00:45:56.711935900,REPLY
917,728,2025-04-20T00:45:56.711935900,LIKE
141,195,2025-05-10T00:45:56.711935900,REPLY
466,887,2025-04-17T00:45:56.711935900,RETWEET
978,895,2025-05-02T00:45:56.711935900,LIKE
399,107,2025-04-30T00:45:56.711935900,LIKE
35,371,2025-04-27T00:45:56.711935900,RETWEET
894,641,2025-04-27T00:45:56.711935900,REPLY
595,366,2025-05-15T00:45:56.711935900,LIKE
275,660,2025-05-10T00:45:56.711935900,REPLY
509,29,2025-04-23T00:45:56.711935900,REPLY
733,788,2025-04-29T00:45:56.711935900,RETWEET
677,293,2025-04-27T00:45:56.711935900,LIKE
927,755,2025-05-12T00:45:56.711935900,REPLY
556,195,2025-04-23T00:45:56.711935900,REPLY
528,563,2025-05-16T00:45:56.711935900,REPLY
107,762,2025-05-10T00:45:56.711935900,RETWEET
355,82,2025-05-11T00:45:56.711935900,REPLY
44,616,2025-04-22T00:45:56.711935900,REPLY
10,647,2025-05-05T00:45:56.711935900,REPLY
233,404,2025-05-03T00:45:56.712935400,RETWEET
244,302,2025-04-28T00:45:56.712935400,RETWEET
554,274,2025-04-24T00:45:56.712935400,REPLY
37,288,2025-05-07T00:45:56.712935400,RETWEET
410,730,2025-05-03T00:45:56.712935400,RETWEET
630,418,2025-04-27T00:45:56.712935400,REPLY
423,874,2025-05-01T00:45:56.712935400,LIKE
823,430,2025-05-09T00:45:56.712935400,REPLY
134,623,2025-04-18T00:45:56.712935400,LIKE
998,299,2025-04-23T00:45:56.712935400,LIKE
401,770,2025-05-15T00:45:56.712935400,RETWEET
495,11,2025-04-26T00:45:56.712935400,REPLY
12,1000,2025-04-27T00:45:56.712935400,RETWEET
489,906,2025-04-20T00:45:56.712935400,REPLY
494,882,2025-04-29T00:45:56.712935400,RETWEET
479,435,2025-05-05T00:45:56.712935400,REPLY
316,186,2025-04-26T00:45:56.712935400,REPLY
584,825,2025-05-11T00:45:56.712935400,RETWEET
555,640,2025-04-25T00:45:56.712935400,LIKE
130,882,2025-05-06T00:45:56.712935400,RETWEET
254,814,2025-04-23T00:45:56.712935400,REPLY
669,676,2025-04-28T00:45:56.712935400,RETWEET
155,869,2025-05-16T00:45:56.712935400,RETWEET
572,36,2025-05-15T00:45:56.712935400,RETWEET
513,90,2025-04-21T00:45:56.712935400,REPLY
711,756,2025-04-18T00:45:56.712935400,RETWEET
717,326,2025-04-20T00:45:56.712935400,RETWEET
70,302,2025-05-10T00:45:56.712935400,REPLY
805,756,2025-04-18T00:45:56.712935400,LIKE
218,334,2025-05-07T00:45:56.712935400,REPLY
883,456,2025-04-29T00:45:56.712935400,REPLY
897,750,2025-05-05T00:45:56.712935400,LIKE
837,165,2025-04-19T00:45:56.712935400,REPLY
873,598,2025-05-01T00:45:56.712935400,LIKE
198,121,2025-04-29T00:45:56.712935400,LIKE
981,984,2025-05-15T00:45:56.712935400,RETWEET
23,894,2025-04-26T00:45:56.712935400,REPLY
509,139,2025-04-29T00:45:56.713998900,RETWEET
307,851,2025-05-15T00:45:56.713998900,REPLY
313,957,2025-04-24T00:45:56.713998900,REPLY
254,970,2025-04-20T00:45:56.713998900,LIKE
920,425,2025-05-06T00:45:56.713998900,LIKE
442,198,2025-04-17T00:45:56.713998900,REPLY
854,484,2025-04-22T00:45:56.713998900,LIKE
310,503,2025-04-25T00:45:56.713998900,RETWEET
457,898,2025-04-22T00:45:56.713998900,LIKE
165,33,2025-04-17T00:45:56.713998900,REPLY
541,784,2025-05-06T00:45:56.713998900,REPLY
453,487,2025-04-21T00:45:56.713998900,RETWEET
715,939,2025-04-19T00:45:56.713998900,LIKE
422,216,2025-05-14T00:45:56.713998900,REPLY
757,53,2025-04-22T00:45:56.713998900,REPLY
554,315,2025-05-04T00:45:56.713998900,RETWEET
54,520,2025-04-20T00:45:56.713998900,LIKE
798,498,2025-05-05T00:45:56.713998900,REPLY
332,641,2025-04-30T00:45:56.713998900,REPLY
571,700,2025-05-05T00:45:56.713998900,LIKE
232,305,2025-05-13T00:45:56.713998900,RETWEET
626,295,2025-04-18T00:45:56.713998900,RETWEET
143,809,2025-05-01T00:45:56.713998900,LIKE
773,358,2025-05-04T00:45:56.713998900,RETWEET
309,912,2025-05-11T00:45:56.713998900,RETWEET
584,308,2025-05-05T00:45:56.713998900,LIKE
115,820,2025-04-30T00:45:56.713998900,RETWEET
952,402,2025-05-08T00:45:56.713998900,REPLY
680,449,2025-05-14T00:45:56.713998900,LIKE
779,381,2025-05-07T00:45:56.713998900,LIKE
173,17,2025-05-05T00:45:56.713998900,RETWEET
515,360,2025-05-15T00:45:56.713998900,REPLY
858,352,2025-05-03T00:45:56.713998900,LIKE
830,434,2025-05-13T00:45:56.713998900,LIKE
83,494,2025-05-15T00:45:56.713998900,REPLY
547,205,2025-04-29T00:45:56.713998900,RETWEET
739,579,2025-04-25T00:45:56.713998900,REPLY
63,278,2025-05-07T00:45:56.713998900,LIKE
275,803,2025-04-27T00:45:56.713998900,REPLY
652,918,2025-05-14T00:45:56.713998900,REPLY
228,365,2025-05-10T00:45:56.713998900,REPLY
217,33,2025-04-30T00:45:56.713998900,LIKE
944,552,2025-04-29T00:45:56.713998900,LIKE
532,944,2025-04-18T00:45:56.713998900,REPLY
19,945,2025-04-29T00:45:56.715468700,LIKE
188,529,2025-05-04T00:45:56.715468700,REPLY
853,647,2025-05-07T00:45:56.715468700,LIKE
299,287,2025-04-24T00:45:56.715468700,LIKE
99,471,2025-05-14T00:45:56.715468700,LIKE
820,46,2025-04-26T00:45:56.715468700,LIKE
134,646,2025-04-24T00:45:56.715468700,REPLY
535,396,2025-05-14T00:45:56.715468700,RETWEET
275,625,2025-04-20T00:45:56.715468700,RETWEET
358,328,2025-04-25T00:45:56.715468700,LIKE
485,276,2025-04-26T00:45:56.715468700,RETWEET
670,413,2025-04-22T00:45:56.715468700,REPLY
274,549,2025-04-25T00:45:56.715468700,RETWEET
325,228,2025-05-05T00:45:56.715468700,LIKE
266,455,2025-05-16T00:45:56.715468700,RETWEET
993,407,2025-05-01T00:45:56.715468700,REPLY
692,668,2025-05-08T00:45:56.715468700,REPLY
32,107,2025-05-06T00:45:56.715468700,RETWEET
816,959,2025-05-05T00:45:56.715468700,RETWEET
901,197,2025-05-10T00:45:56.715468700,LIKE
774,725,2025-05-09T00:45:56.715468700,REPLY
320,707,2025-04-20T00:45:56.715468700,REPLY
193,708,2025-05-12T00:45:56.715468700,REPLY
883,230,2025-04-25T00:45:56.716464900,REPLY
246,28,2025-04-25T00:45:56.716464900,REPLY
505,606,2025-05-02T00:45:56.716464900,RETWEET
913,550,2025-04-19T00:45:56.716464900,REPLY
529,666,2025-04-18T00:45:56.716464900,RETWEET
978,946,2025-05-03T00:45:56.716464900,LIKE
578,650,2025-04-29T00:45:56.716464900,REPLY
389,231,2025-04-29T00:45:56.716464900,LIKE
879,84,2025-04-27T00:45:56.716464900,LIKE
357,225,2025-05-05T00:45:56.716464900,LIKE
856,646,2025-05-15T00:45:56.716464900,REPLY
30,997,2025-04-17T00:45:56.716464900,RETWEET
647,452,2025-04-27T00:45:56.716464900,REPLY
781,469,2025-05-07T00:45:56.716464900,REPLY
6,571,2025-04-26T00:45:56.716464900,LIKE
171,664,2025-05-11T00:45:56.716464900,RETWEET
144,205,2025-04-19T00:45:56.716464900,LIKE
110,802,2025-04-25T00:45:56.716464900,RETWEET
35,8,2025-04-17T00:45:56.716464900,REPLY
474,324,2025-05-14T00:45:56.716464900,RETWEET
997,853,2025-04-27T00:45:56.716464900,RETWEET
478,29,2025-04-23T00:45:56.716464900,RETWEET
302,588,2025-04-25T00:45:56.716464900,REPLY
29,505,2025-05-10T00:45:56.716464900,LIKE
155,898,2025-04-26T00:45:56.716464900,LIKE
251,974,2025-04-29T00:45:56.716464900,REPLY
44,765,2025-04-30T00:45:56.716464900,REPLY
545,359,2025-05-15T00:45:56.716464900,LIKE
407,694,2025-05-11T00:45:56.716464900,REPLY
952,77,2025-04-23T00:45:56.716464900,LIKE
633,133,2025-04-17T00:45:56.716464900,LIKE
154,937,2025-05-05T00:45:56.716464900,LIKE
194,425,2025-04-27T00:45:56.716464900,LIKE
56,607,2025-05-01T00:45:56.717468400,REPLY
241,839,2025-05-12T00:45:56.717468400,LIKE
819,396,2025-04-17T00:45:56.717468400,RETWEET
407,528,2025-04-18T00:45:56.717468400,RETWEET
337,495,2025-05-06T00:45:56.717468400,RETWEET
573,590,2025-04-25T00:45:56.717468400,REPLY
986,521,2025-05-13T00:45:56.717468400,RETWEET
393,28,2025-04-24T00:45:56.717468400,REPLY
224,870,2025-05-05T00:45:56.717468400,RETWEET
643,391,2025-05-02T00:45:56.717468400,LIKE
882,530,2025-04-29T00:45:56.717468400,RETWEET
680,922,2025-05-08T00:45:56.717468400,REPLY
410,365,2025-04-20T00:45:56.717468400,RETWEET
370,431,2025-05-03T00:45:56.717468400,LIKE
768,394,2025-04-20T00:45:56.717468400,LIKE
707,872,2025-04-20T00:45:56.717468400,LIKE
807,623,2025-05-10T00:45:56.717468400,RETWEET
791,681,2025-04-26T00:45:56.717468400,REPLY
333,503,2025-05-02T00:45:56.717468400,RETWEET
896,391,2025-04-20T00:45:56.717468400,LIKE
787,935,2025-05-16T00:45:56.717468400,LIKE
463,39,2025-05-10T00:45:56.717468400,LIKE
764,819,2025-04-29T00:45:56.717468400,REPLY
833,994,2025-05-12T00:45:56.717468400,RETWEET
822,312,2025-04-21T00:45:56.717468400,REPLY
305,733,2025-05-07T00:45:56.717468400,RETWEET
626,290,2025-04-27T00:45:56.717468400,RETWEET
321,895,2025-05-07T00:45:56.717468400,REPLY
318,174,2025-05-03T00:45:56.717468400,REPLY
729,912,2025-05-14T00:45:56.717468400,RETWEET
806,502,2025-05-14T00:45:56.718698,REPLY
977,958,2025-05-07T00:45:56.718698,RETWEET
99,531,2025-05-09T00:45:56.718698,REPLY
199,615,2025-04-30T00:45:56.718698,RETWEET
622,629,2025-05-04T00:45:56.718698,RETWEET
839,983,2025-05-02T00:45:56.718698,REPLY
666,453,2025-04-26T00:45:56.718698,REPLY
485,624,2025-04-25T00:45:56.718698,LIKE
353,38,2025-05-09T00:45:56.718698,RETWEET
911,322,2025-05-15T00:45:56.718698,REPLY
873,567,2025-05-05T00:45:56.718698,LIKE
847,636,2025-04-20T00:45:56.718698,LIKE
72,355,2025-05-15T00:45:56.718698,LIKE
696,368,2025-05-16T00:45:56.718698,REPLY
473,657,2025-04-23T00:45:56.718698,RETWEET
434,531,2025-05-14T00:45:56.718698,RETWEET
803,711,2025-04-30T00:45:56.718698,REPLY
627,237,2025-04-30T00:45:56.718698,LIKE
884,13,2025-05-04T00:45:56.718698,REPLY
409,365,2025-05-15T00:45:56.718698,LIKE
727,842,2025-04-29T00:45:56.718698,LIKE
216,896,2025-05-06T00:45:56.718698,LIKE
235,738,2025-05-02T00:45:56.719465600,LIKE
621,522,2025-04-25T00:45:56.719465600,LIKE
98,854,2025-05-15T00:45:56.719465600,REPLY
895,405,2025-05-10T00:45:56.719465600,RETWEET
497,28,2025-05-01T00:45:56.719465600,RETWEET
737,712,2025-04-27T00:45:56.719465600,RETWEET
707,691,2025-05-13T00:45:56.719465600,RETWEET
299,447,2025-05-12T00:45:56.719465600,LIKE
179,240,2025-04-25T00:45:56.719465600,RETWEET
957,787,2025-05-14T00:45:56.719465600,LIKE
859,397,2025-04-20T00:45:56.719465600,REPLY
838,849,2025-05-11T00:45:56.719465600,LIKE
980,230,2025-04-18T00:45:56.719465600,REPLY
308,792,2025-04-30T00:45:56.719465600,REPLY
471,410,2025-04-18T00:45:56.719465600,RETWEET
282,844,2025-05-08T00:45:56.719465600,RETWEET
240,253,2025-04-22T00:45:56.719465600,RETWEET
501,8,2025-04-20T00:45:56.719465600,LIKE
110,872,2025-04-21T00:45:56.719465600,RETWEET
267,97,2025-04-18T00:45:56.719465600,LIKE
447,113,2025-04-17T00:45:56.719465600,REPLY
367,145,2025-04-30T00:45:56.719465600,LIKE
58,145,2025-04-17T00:45:56.720468700,RETWEET
29,856,2025-05-02T00:45:56.720468700,REPLY
415,959,2025-05-04T00:45:56.720468700,LIKE
715,862,2025-04-29T00:45:56.720468700,LIKE
728,219,2025-05-10T00:45:56.720468700,LIKE
413,598,2025-05-14T00:45:56.720468700,RETWEET
237,817,2025-05-14T00:45:56.720468700,REPLY
70,869,2025-04-21T00:45:56.720468700,RETWEET
521,493,2025-04-26T00:45:56.720468700,RETWEET
215,614,2025-04-26T00:45:56.720468700,LIKE
356,968,2025-04-19T00:45:56.720468700,RETWEET
218,831,2025-04-24T00:45:56.720468700,REPLY
117,138,2025-05-06T00:45:56.720468700,LIKE
476,434,2025-05-03T00:45:56.720468700,REPLY
960,913,2025-05-08T00:45:56.720468700,REPLY
906,150,2025-04-28T00:45:56.720468700,LIKE
207,226,2025-05-12T00:45:56.720468700,LIKE
438,190,2025-05-15T00:45:56.720468700,LIKE
87,840,2025-05-08T00:45:56.720468700,REPLY
379,48,2025-04-22T00:45:56.720468700,RETWEET
985,831,2025-04-26T00:45:56.720468700,REPLY
354,620,2025-04-30T00:45:56.720468700,REPLY
569,492,2025-05-03T00:45:56.720468700,REPLY
893,852,2025-04-27T00:45:56.720468700,REPLY
520,879,2025-05-07T00:45:56.720468700,REPLY
668,768,2025-05-04T00:45:56.720468700,LIKE
731,203,2025-04-22T00:45:56.720468700,REPLY
657,596,2025-05-08T00:45:56.720468700,RETWEET
288,301,2025-05-13T00:45:56.720468700,REPLY
379,932,2025-04-28T00:45:56.720468700,RETWEET
146,866,2025-05-10T00:45:56.720468700,REPLY
550,651,2025-04-25T00:45:56.720468700,REPLY
542,688,2025-05-14T00:45:56.720468700,REPLY
868,139,2025-04-22T00:45:56.720468700,LIKE
742,206,2025-05-13T00:45:56.720468700,RETWEET
386,707,2025-04-18T00:45:56.720468700,RETWEET
908,864,2025-04-24T00:45:56.720468700,REPLY
967,203,2025-05-09T00:45:56.720468700,RETWEET
833,175,2025-05-13T00:45:56.720468700,LIKE
677,381,2025-04-20T00:45:56.720468700,RETWEET
408,317,2025-05-08T00:45:56.720468700,RETWEET
177,147,2025-05-16T00:45:56.721555100,LIKE
344,288,2025-05-09T00:45:56.721555100,LIKE
912,759,2025-04-18T00:45:56.721555100,RETWEET
187,733,2025-04-28T00:45:56.721555100,RETWEET
962,249,2025-05-11T00:45:56.721555100,RETWEET
385,844,2025-05-16T00:45:56.721555100,REPLY
450,128,2025-05-12T00:45:56.721555100,REPLY
599,953,2025-05-03T00:45:56.721555100,RETWEET
919,189,2025-04-23T00:45:56.721555100,LIKE
770,919,2025-05-15T00:45:56.721555100,REPLY
930,82,2025-04-25T00:45:56.721555100,RETWEET
183,395,2025-05-07T00:45:56.721555100,RETWEET
92,836,2025-05-12T00:45:56.721555100,REPLY
267,997,2025-05-16T00:45:56.721555100,RETWEET
479,869,2025-04-20T00:45:56.721555100,RETWEET
114,832,2025-04-26T00:45:56.721555100,RETWEET
535,630,2025-05-14T00:45:56.721555100,REPLY
502,770,2025-04-19T00:45:56.721555100,LIKE
596,306,2025-04-29T00:45:56.721555100,REPLY
534,674,2025-04-24T00:45:56.721555100,RETWEET
766,437,2025-04-21T00:45:56.721555100,REPLY
773,969,2025-05-08T00:45:56.721555100,LIKE
749,384,2025-04-28T00:45:56.721555100,RETWEET
345,262,2025-04-17T00:45:56.721555100,LIKE
950,17,2025-05-08T00:45:56.721555100,LIKE
368,370,2025-05-02T00:45:56.721555100,LIKE
756,259,2025-04-29T00:45:56.721555100,REPLY
149,9,2025-05-04T00:45:56.721555100,LIKE
125,375,2025-04-30T00:45:56.721555100,REPLY
509,339,2025-05-01T00:45:56.721555100,REPLY
693,998,2025-04-21T00:45:56.721555100,REPLY
784,571,2025-04-21T00:45:56.721555100,RETWEET
191,108,2025-05-07T00:45:56.721555100,REPLY
229,162,2025-04-25T00:45:56.721555100,REPLY
305,798,2025-05-04T00:45:56.721555100,REPLY
411,301,2025-05-02T00:45:56.721555100,LIKE
343,753,2025-05-09T00:45:56.721555100,REPLY
1,678,2025-04-20T00:45:56.721555100,REPLY
547,141,2025-04-20T00:45:56.721555100,REPLY
491,159,2025-05-09T00:45:56.721555100,REPLY
471,892,2025-05-09T00:45:56.722557900,RETWEET
221,865,2025-05-07T00:45:56.722557900,REPLY
980,518,2025-05-03T00:45:56.722557900,LIKE
134,812,2025-05-04T00:45:56.722557900,LIKE
633,659,2025-04-20T00:45:56.722557900,REPLY
725,575,2025-04-18T00:45:56.722557900,RETWEET
423,111,2025-04-25T00:45:56.722557900,REPLY
850,850,2025-05-12T00:45:56.722557900,LIKE
957,209,2025-04-29T00:45:56.722557900,LIKE
906,438,2025-05-01T00:45:56.722557900,RETWEET
789,859,2025-04-19T00:45:56.722557900,LIKE
203,593,2025-04-20T00:45:56.722557900,RETWEET
789,110,2025-05-07T00:45:56.722557900,LIKE
689,496,2025-04-22T00:45:56.722557900,RETWEET
542,454,2025-05-05T00:45:56.722557900,RETWEET
349,365,2025-04-26T00:45:56.722557900,REPLY
71,373,2025-05-14T00:45:56.722557900,LIKE
879,850,2025-04-28T00:45:56.722557900,RETWEET
61,156,2025-05-06T00:45:56.722557900,REPLY
326,120,2025-05-06T00:45:56.722557900,RETWEET
344,985,2025-04-28T00:45:56.722557900,REPLY
978,556,2025-04-20T00:45:56.722557900,REPLY
424,411,2025-05-02T00:45:56.722557900,REPLY
629,50,2025-04-23T00:45:56.722557900,REPLY
619,155,2025-05-12T00:45:56.722557900,REPLY
691,710,2025-04-23T00:45:56.722557900,RETWEET
363,58,2025-05-04T00:45:56.722557900,RETWEET
992,668,2025-04-29T00:45:56.722557900,LIKE
719,620,2025-05-11T00:45:56.722557900,REPLY
19,452,2025-04-23T00:45:56.722557900,LIKE
492,174,2025-05-16T00:45:56.722557900,RETWEET
538,203,2025-05-15T00:45:56.722557900,LIKE
260,794,2025-04-27T00:45:56.722557900,REPLY
571,801,2025-04-20T00:45:56.722557900,REPLY
228,742,2025-05-07T00:45:56.722557900,REPLY
289,334,2025-04-19T00:45:56.722557900,REPLY
440,139,2025-04-24T00:45:56.722557900,REPLY
246,467,2025-05-15T00:45:56.722557900,RETWEET
501,615,2025-04-26T00:45:56.722557900,RETWEET
606,642,2025-04-25T00:45:56.722557900,LIKE
669,246,2025-05-12T00:45:56.723560800,LIKE
428,265,2025-04-21T00:45:56.723560800,LIKE
341,308,2025-04-23T00:45:56.723560800,LIKE
287,221,2025-04-29T00:45:56.723560800,REPLY
508,124,2025-04-21T00:45:56.723560800,RETWEET
793,618,2025-04-30T00:45:56.723560800,RETWEET
638,551,2025-05-10T00:45:56.723560800,LIKE
870,258,2025-04-24T00:45:56.723560800,LIKE
718,878,2025-04-18T00:45:56.723560800,RETWEET
506,865,2025-05-07T00:45:56.723560800,REPLY
808,404,2025-05-06T00:45:56.723560800,RETWEET
508,663,2025-05-14T00:45:56.723560800,RETWEET
468,880,2025-05-08T00:45:56.723560800,RETWEET
864,682,2025-04-28T00:45:56.723560800,RETWEET
826,863,2025-04-28T00:45:56.723560800,RETWEET
726,232,2025-04-17T00:45:56.723560800,RETWEET
717,231,2025-05-08T00:45:56.723560800,REPLY
1,537,2025-05-16T00:45:56.723560800,REPLY
617,562,2025-05-11T00:45:56.723560800,LIKE
244,24,2025-05-02T00:45:56.723560800,RETWEET
98,338,2025-04-26T00:45:56.723560800,RETWEET
505,260,2025-04-21T00:45:56.723560800,REPLY
516,927,2025-05-05T00:45:56.723560800,RETWEET
23,927,2025-05-07T00:45:56.723560800,REPLY
781,522,2025-04-25T00:45:56.723560800,LIKE
130,321,2025-05-12T00:45:56.723560800,REPLY
721,38,2025-05-16T00:45:56.723560800,REPLY
181,531,2025-05-10T00:45:56.723560800,REPLY
402,961,2025-04-27T00:45:56.723560800,LIKE
267,524,2025-04-29T00:45:56.723560800,LIKE
987,628,2025-05-14T00:45:56.723560800,RETWEET
620,20,2025-04-18T00:45:56.723560800,RETWEET
240,300,2025-04-17T00:45:56.723560800,RETWEET
203,236,2025-05-07T00:45:56.723560800,LIKE
784,976,2025-05-03T00:45:56.723560800,REPLY
268,582,2025-05-06T00:45:56.723560800,REPLY
666,939,2025-05-16T00:45:56.723560800,RETWEET
165,46,2025-04-18T00:45:56.724569900,LIKE
304,103,2025-05-04T00:45:56.724569900,LIKE
929,152,2025-04-25T00:45:56.724569900,RETWEET
680,787,2025-05-09T00:45:56.724569900,LIKE
364,46,2025-04-27T00:45:56.724569900,RETWEET
721,919,2025-05-07T00:45:56.724569900,LIKE
309,228,2025-04-30T00:45:56.724569900,RETWEET
924,936,2025-05-11T00:45:56.724569900,LIKE
990,213,2025-05-06T00:45:56.724569900,REPLY
165,448,2025-05-11T00:45:56.724569900,REPLY
83,960,2025-05-07T00:45:56.724569900,LIKE
85,493,2025-05-10T00:45:56.724569900,REPLY
145,911,2025-04-25T00:45:56.724569900,RETWEET
612,109,2025-04-19T00:45:56.724569900,RETWEET
829,698,2025-05-10T00:45:56.724569900,RETWEET
74,967,2025-04-24T00:45:56.724569900,RETWEET
572,737,2025-04-29T00:45:56.724569900,REPLY
844,787,2025-04-19T00:45:56.724569900,REPLY
536,948,2025-04-22T00:45:56.724569900,RETWEET
472,675,2025-04-30T00:45:56.724569900,REPLY
328,659,2025-05-06T00:45:56.724569900,REPLY
148,18,2025-04-21T00:45:56.724569900,REPLY
720,498,2025-05-03T00:45:56.724569900,REPLY
273,314,2025-05-10T00:45:56.724569900,LIKE
584,655,2025-05-12T00:45:56.724569900,RETWEET
125,882,2025-04-18T00:45:56.724569900,LIKE
294,592,2025-04-21T00:45:56.724569900,RETWEET
25,431,2025-04-29T00:45:56.724569900,REPLY
627,691,2025-04-29T00:45:56.724569900,REPLY
734,45,2025-05-05T00:45:56.724569900,LIKE
529,881,2025-05-16T00:45:56.724569900,REPLY
890,772,2025-04-29T00:45:56.724569900,LIKE
355,234,2025-05-05T00:45:56.724569900,LIKE
195,865,2025-05-02T00:45:56.724569900,REPLY
561,321,2025-05-08T00:45:56.724569900,RETWEET
104,621,2025-05-12T00:45:56.724569900,RETWEET
201,810,2025-04-21T00:45:56.724569900,REPLY
135,664,2025-05-04T00:45:56.724569900,RETWEET
796,777,2025-05-12T00:45:56.724569900,LIKE
111,60,2025-04-29T00:45:56.724569900,RETWEET
927,534,2025-04-21T00:45:56.725565900,REPLY
521,925,2025-05-08T00:45:56.725565900,RETWEET
959,990,2025-05-15T00:45:56.725565900,REPLY
793,569,2025-04-26T00:45:56.725565900,REPLY
868,947,2025-05-15T00:45:56.725565900,RETWEET
427,570,2025-05-15T00:45:56.725565900,LIKE
979,901,2025-05-13T00:45:56.725565900,RETWEET
148,334,2025-04-29T00:45:56.725565900,LIKE
300,61,2025-05-12T00:45:56.725565900,LIKE
269,911,2025-04-29T00:45:56.725565900,LIKE
143,871,2025-05-16T00:45:56.725565900,REPLY
699,566,2025-04-19T00:45:56.725565900,RETWEET
466,802,2025-04-20T00:45:56.725565900,RETWEET
755,914,2025-04-27T00:45:56.725565900,RETWEET
625,470,2025-05-06T00:45:56.725565900,LIKE
56,168,2025-05-12T00:45:56.725565900,LIKE
199,898,2025-05-11T00:45:56.725565900,REPLY
619,196,2025-04-28T00:45:56.725565900,RETWEET
159,366,2025-05-05T00:45:56.725565900,REPLY
601,154,2025-04-27T00:45:56.725565900,RETWEET
486,318,2025-05-02T00:45:56.725565900,REPLY
255,997,2025-05-13T00:45:56.725565900,LIKE
663,702,2025-04-23T00:45:56.725565900,REPLY
987,779,2025-04-22T00:45:56.725565900,RETWEET
269,629,2025-05-15T00:45:56.725565900,RETWEET
721,282,2025-05-05T00:45:56.725565900,LIKE
608,991,2025-05-13T00:45:56.725565900,REPLY
612,809,2025-04-29T00:45:56.725565900,LIKE
334,894,2025-05-15T00:45:56.725565900,RETWEET
394,971,2025-05-03T00:45:56.725565900,LIKE
436,221,2025-05-10T00:45:56.725565900,LIKE
763,780,2025-05-15T00:45:56.725565900,REPLY
853,608,2025-04-29T00:45:56.725565900,LIKE
818,2,2025-04-21T00:45:56.725565900,RETWEET
996,48,2025-05-01T00:45:56.725565900,REPLY
133,700,2025-04-18T00:45:56.725565900,REPLY
522,874,2025-04-17T00:45:56.725565900,REPLY
512,193,2025-04-18T00:45:56.725565900,REPLY
816,293,2025-05-14T00:45:56.725565900,LIKE
952,875,2025-05-12T00:45:56.725565900,RETWEET
632,999,2025-04-20T00:45:56.726562500,RETWEET
130,701,2025-05-03T00:45:56.726562500,REPLY
874,423,2025-05-15T00:45:56.726562500,LIKE
838,112,2025-04-24T00:45:56.726562500,LIKE
816,678,2025-05-11T00:45:56.726562500,RETWEET
843,721,2025-05-06T00:45:56.726562500,RETWEET
569,379,2025-05-07T00:45:56.726562500,LIKE
505,192,2025-04-22T00:45:56.726562500,RETWEET
352,432,2025-04-17T00:45:56.726562500,REPLY
303,270,2025-05-11T00:45:56.726562500,RETWEET
167,655,2025-04-19T00:45:56.726562500,LIKE
536,778,2025-05-13T00:45:56.726562500,RETWEET
221,703,2025-05-04T00:45:56.726562500,LIKE
41,160,2025-05-11T00:45:56.726562500,LIKE
712,553,2025-05-04T00:45:56.726562500,LIKE
956,295,2025-04-28T00:45:56.726562500,LIKE
794,298,2025-05-10T00:45:56.726562500,REPLY
606,897,2025-04-26T00:45:56.726562500,LIKE
28,783,2025-04-21T00:45:56.726562500,LIKE
78,467,2025-05-15T00:45:56.726562500,RETWEET
875,922,2025-05-02T00:45:56.726562500,RETWEET
829,40,2025-05-15T00:45:56.726562500,REPLY
288,557,2025-04-19T00:45:56.726562500,LIKE
863,83,2025-04-19T00:45:56.726562500,LIKE
8,271,2025-04-18T00:45:56.726562500,LIKE
547,396,2025-05-14T00:45:56.726562500,REPLY
883,631,2025-05-02T00:45:56.726562500,LIKE
617,96,2025-04-21T00:45:56.726562500,LIKE
780,472,2025-04-21T00:45:56.726562500,LIKE
956,940,2025-05-03T00:45:56.726562500,REPLY
276,154,2025-04-20T00:45:56.726562500,RETWEET
803,839,2025-04-24T00:45:56.726562500,LIKE
156,628,2025-05-05T00:45:56.726562500,LIKE
43,175,2025-04-29T00:45:56.726562500,REPLY
250,484,2025-05-12T00:45:56.726562500,RETWEET
60,475,2025-05-13T00:45:56.726562500,REPLY
331,910,2025-05-07T00:45:56.726562500,REPLY
95,3,2025-05-13T00:45:56.726562500,REPLY
992,396,2025-04-18T00:45:56.726562500,REPLY
367,529,2025-04-27T00:45:56.726562500,LIKE
177,274,2025-05-03T00:45:56.727557700,LIKE
376,456,2025-04-28T00:45:56.727557700,REPLY
447,885,2025-05-15T00:45:56.727557700,RETWEET
432,28,2025-04-23T00:45:56.727557700,REPLY
785,297,2025-04-23T00:45:56.727557700,RETWEET
446,329,2025-05-06T00:45:56.727557700,LIKE
874,430,2025-04-22T00:45:56.727557700,LIKE
149,620,2025-05-04T00:45:56.727557700,REPLY
510,49,2025-04-29T00:45:56.727557700,REPLY
79,875,2025-04-24T00:45:56.727557700,REPLY
457,574,2025-04-17T00:45:56.727557700,RETWEET
198,740,2025-04-30T00:45:56.727557700,LIKE
542,251,2025-05-16T00:45:56.727557700,LIKE
125,282,2025-04-25T00:45:56.727557700,LIKE
439,328,2025-05-14T00:45:56.727557700,LIKE
516,10,2025-05-08T00:45:56.727557700,REPLY
405,296,2025-04-22T00:45:56.727557700,LIKE
477,431,2025-05-09T00:45:56.727557700,RETWEET
222,418,2025-05-13T00:45:56.727557700,LIKE
835,70,2025-04-19T00:45:56.727557700,RETWEET
381,293,2025-05-05T00:45:56.727557700,LIKE
800,147,2025-05-15T00:45:56.727557700,LIKE
513,238,2025-05-04T00:45:56.727557700,REPLY
466,103,2025-05-12T00:45:56.727557700,LIKE
240,288,2025-04-26T00:45:56.727557700,RETWEET
533,668,2025-04-24T00:45:56.727557700,LIKE
752,723,2025-05-01T00:45:56.727557700,REPLY
927,985,2025-05-07T00:45:56.727557700,RETWEET
715,406,2025-05-16T00:45:56.727557700,RETWEET
505,4,2025-05-01T00:45:56.727557700,REPLY
246,391,2025-05-14T00:45:56.727557700,RETWEET
295,559,2025-05-08T00:45:56.727557700,LIKE
816,581,2025-04-29T00:45:56.727557700,RETWEET
558,121,2025-04-25T00:45:56.727557700,LIKE
326,175,2025-05-07T00:45:56.727557700,REPLY
970,897,2025-05-09T00:45:56.727557700,LIKE
805,624,2025-04-25T00:45:56.727557700,REPLY
307,575,2025-05-05T00:45:56.727557700,LIKE
841,416,2025-05-09T00:45:56.727557700,REPLY
894,682,2025-05-06T00:45:56.727557700,RETWEET
706,102,2025-04-24T00:45:56.728560,REPLY
300,926,2025-04-18T00:45:56.728560,RETWEET
174,389,2025-05-14T00:45:56.728560,RETWEET
905,22,2025-04-23T00:45:56.728560,RETWEET
182,216,2025-04-20T00:45:56.728560,RETWEET
497,175,2025-05-12T00:45:56.728560,RETWEET
226,221,2025-04-17T00:45:56.728560,LIKE
417,954,2025-04-24T00:45:56.728560,RETWEET
745,875,2025-05-06T00:45:56.728560,LIKE
811,779,2025-04-26T00:45:56.728560,REPLY
531,396,2025-05-02T00:45:56.728560,RETWEET
322,617,2025-05-04T00:45:56.728560,REPLY
828,695,2025-05-07T00:45:56.728560,LIKE
566,652,2025-04-24T00:45:56.728560,RETWEET
576,525,2025-04-24T00:45:56.728560,REPLY
778,994,2025-04-24T00:45:56.728560,LIKE
50,515,2025-04-22T00:45:56.728560,REPLY
724,444,2025-05-02T00:45:56.728560,RETWEET
984,729,2025-04-25T00:45:56.728560,RETWEET
557,285,2025-05-09T00:45:56.728560,LIKE
892,563,2025-05-09T00:45:56.728560,REPLY
969,162,2025-04-22T00:45:56.728560,REPLY
797,986,2025-04-17T00:45:56.728560,REPLY
1,879,2025-05-13T00:45:56.728560,REPLY
586,590,2025-05-05T00:45:56.728560,RETWEET
874,148,2025-05-04T00:45:56.728560,REPLY
878,772,2025-05-03T00:45:56.728560,REPLY
260,516,2025-05-09T00:45:56.728560,LIKE
401,731,2025-04-23T00:45:56.728560,REPLY
334,922,2025-05-01T00:45:56.728560,RETWEET
485,595,2025-04-20T00:45:56.728560,RETWEET
299,858,2025-04-24T00:45:56.728560,REPLY
627,157,2025-05-13T00:45:56.728560,LIKE
972,103,2025-05-10T00:45:56.728560,LIKE
858,268,2025-04-28T00:45:56.728560,LIKE
745,730,2025-04-17T00:45:56.728560,RETWEET
826,303,2025-05-11T00:45:56.728560,LIKE
804,336,2025-05-05T00:45:56.728560,REPLY
445,86,2025-04-25T00:45:56.728560,REPLY
346,947,2025-05-10T00:45:56.728560,LIKE
943,585,2025-04-19T00:45:56.728560,LIKE
536,776,2025-04-17T00:45:56.729569100,RETWEET
634,835,2025-04-29T00:45:56.729569100,LIKE
523,935,2025-05-11T00:45:56.729569100,REPLY
580,948,2025-05-08T00:45:56.729569100,REPLY
996,416,2025-05-15T00:45:56.729569100,REPLY
422,228,2025-04-22T00:45:56.729569100,RETWEET
269,614,2025-04-19T00:45:56.729569100,REPLY
292,809,2025-05-11T00:45:56.729569100,REPLY
512,566,2025-04-20T00:45:56.729569100,RETWEET
385,704,2025-04-22T00:45:56.729569100,RETWEET
176,888,2025-05-13T00:45:56.729569100,RETWEET
617,524,2025-05-05T00:45:56.729569100,RETWEET
