text,timestamp,author_id,poll_id
BdPVpl,2025-05-13T00:45:56.656366600,534,433
IXhcpLZCPXDeUXSZJcJ,2025-05-01T00:45:56.657428600,121,388
lgtEdNIwGpnsTuPfe,2025-05-10T00:45:56.657428600,750,325
WLcyteMqKSnocpUXjGrvDWlif,2025-05-09T00:45:56.657428600,111,319
tLAHfsUkPduszmnvbTvgVMKGSniwGZQ,2025-05-04T00:45:56.657428600,860,163
nGUnnbwqAgEOEYojmSCcJ,2025-04-21T00:45:56.657428600,680,878
KtHYZyUCqOJDnuiOvXutRtuPrvcw,2025-04-19T00:45:56.657428600,32,821
KDdIxItKGOjLELnELMLh,2025-05-14T00:45:56.657428600,637,2
umykPAqWKOSBsQ,2025-04-21T00:45:56.657428600,975,76
UnXscXahEOVpUdD,2025-05-05T00:45:56.657428600,494,258
s,2025-04-19T00:45:56.657428600,739,495
ryu,2025-04-27T00:45:56.657428600,346,661
pFZycpyHBXELbGsGWggcgSfq,2025-04-17T00:45:56.657428600,693,431
DPHXUSvKHofNrsKMZxawhSazJNZkH,2025-04-30T00:45:56.657428600,63,965
fbiKxmmdvLaoFrMobinVrreiH,2025-04-26T00:45:56.657428600,732,795
dLGcxgOFIwQJecLEeuhmdAm,2025-04-20T00:45:56.657428600,427,197
W,2025-04-19T00:45:56.657428600,179,498
eOaCWSekhYDsVBZtcuAPyGaLJORHcRK,2025-04-24T00:45:56.658461300,563,407
gOHL,2025-04-22T00:45:56.658461300,362,835
QgbxCfULGNWQDSWXXOMaheiMiBSx,2025-05-07T00:45:56.658461300,786,723
iaB,2025-04-24T00:45:56.658461300,838,162
YnYuPxFJTRYxXXK,2025-05-06T00:45:56.658461300,272,664
O,2025-04-29T00:45:56.658461300,776,552
cCspz,2025-05-03T00:45:56.658461300,236,574
eXqnJQrJULrubXGocR,2025-04-21T00:45:56.658461300,113,893
JpxvSlwQtwbeC,2025-05-13T00:45:56.658461300,619,339
FpnuZHIVnOrPUWRgsVKrtqi,2025-05-07T00:45:56.658461300,188,963
GgLgfeOISXzyyDtig,2025-05-09T00:45:56.658461300,601,654
rcUQveKbySQuWwsAukKHqjwNzkkPAZ,2025-05-01T00:45:56.658461300,17,292
eDZVdOGuFIQcnIEQeBtTDLZXYtnIFv,2025-04-24T00:45:56.658461300,437,40
YNbfNCWYNvXXcyLQkFwhL,2025-04-17T00:45:56.658461300,561,131
QyaiJc,2025-05-15T00:45:56.658461300,800,668
rRrtHwIWLCvsYpzPnwilFdEJPd,2025-05-04T00:45:56.658461300,746,941
uTwRhS,2025-05-03T00:45:56.658461300,483,620
mzstHUbvAekNRlkecuiY,2025-04-18T00:45:56.658461300,102,678
lPbefjGyZ,2025-05-12T00:45:56.658461300,60,543
vM,2025-04-28T00:45:56.658461300,23,357
MImYsMSF,2025-05-02T00:45:56.659368700,491,795
NlsIbreFQDLbHfvgSyNUjlAdK,2025-05-08T00:45:56.659368700,969,201
xGjNIQaFLzdpqvDt,2025-04-30T00:45:56.659368700,838,933
EftYbQWLQvMKsTwKSz,2025-05-06T00:45:56.659368700,553,657
dW,2025-05-03T00:45:56.659368700,842,202
sKCGiURWSdRISeUmdraTgdlA,2025-05-13T00:45:56.659368700,387,61
yceW,2025-04-30T00:45:56.659368700,115,113
qdOHtDielwNZH,2025-04-23T00:45:56.659368700,160,802
mvKOMbeBnv,2025-04-27T00:45:56.659368700,559,640
arT,2025-04-27T00:45:56.659368700,809,567
wTDTJOCoVOVb,2025-04-27T00:45:56.659368700,322,114
xDQBADJ,2025-04-21T00:45:56.659368700,103,111
dpuLALSLpplAkFJnJfnScjUyvrVUo,2025-05-03T00:45:56.659368700,586,492
MxQXAdy,2025-04-30T00:45:56.659368700,349,208
MkgmMMwYKYhWaAVhwkq,2025-04-29T00:45:56.659368700,355,273
mmslYtLEgLf,2025-05-11T00:45:56.659368700,148,232
XCDiqYsRXmnZvwVKMnyvfawtblwW,2025-05-05T00:45:56.659368700,748,406
vRKuXY,2025-05-13T00:45:56.659368700,594,628
oJatyT,2025-05-02T00:45:56.659368700,558,230
BTJvsJmfHNAyzXeFHTIAVYOy,2025-05-05T00:45:56.659368700,201,812
KflQXrdWbumXephqXPwz,2025-04-17T00:45:56.659368700,888,774
OocVQZnbIzqhkQMsdTNycgrNrd,2025-05-16T00:45:56.659368700,663,361
DIsEUzcwlDLQIVYjLlQ,2025-05-07T00:45:56.659368700,922,639
nKZJ,2025-05-14T00:45:56.659368700,409,530
Rn,2025-05-04T00:45:56.659368700,944,374
odNkJuLkHZFVqepd,2025-05-12T00:45:56.659368700,373,22
tfjqDfIgSXOfWVpfDaMdq,2025-05-04T00:45:56.659368700,524,905
mEfJvxTTadISdDTtSbSWZQDZ,2025-04-24T00:45:56.659368700,716,308
DHAvzJCtOAcdJwGwCGXLlj,2025-04-26T00:45:56.659368700,12,883
FruacvtLKQSDadDxH,2025-04-21T00:45:56.659368700,370,486
mToYksEmHJvWGrwZEWyq,2025-05-06T00:45:56.659368700,215,761
YsPkMWWZ,2025-05-04T00:45:56.659368700,294,882
wPnrtSGClkqP,2025-05-11T00:45:56.660366100,502,561
lzIjSWpbSCYBauVBxnCOYOVsGk,2025-05-16T00:45:56.660366100,560,383
QWkJBwtQk,2025-04-20T00:45:56.660366100,991,363
hoqbzDqKksGRgyF,2025-05-12T00:45:56.660366100,118,288
IFpNMYcDAlpCfntsZ,2025-04-18T00:45:56.660366100,632,333
plRlBTeGESBWzNhAJkQuZMlzShfM,2025-05-08T00:45:56.660366100,528,444
yjweJehIZk,2025-05-01T00:45:56.660366100,267,529
HeYsntAohHqgifJaNCuTSp,2025-04-26T00:45:56.660366100,688,851
Hg,2025-05-14T00:45:56.660366100,780,787
DjpqHn,2025-05-14T00:45:56.660366100,915,674
HIngQnDlxALzw,2025-04-18T00:45:56.660366100,380,684
dYeNyvzUHxFY,2025-05-12T00:45:56.660366100,670,226
oRMXOKTKIMyRNufAoOyEkygRLoUROJ,2025-05-16T00:45:56.660366100,549,305
t,2025-04-24T00:45:56.660366100,698,981
GqeNCVnIksBGqJACGCqCesDchH,2025-05-09T00:45:56.660366100,866,270
aQImxBZICefiKVHMqeQwE,2025-04-17T00:45:56.660366100,867,672
nPAjlZlgHxQHqNSKU,2025-05-12T00:45:56.660366100,695,622
xotjgEyWFTrESIbZDDaR,2025-04-21T00:45:56.660366100,344,373
NXNQFrmkNPUSKzXgtkwgQ,2025-04-25T00:45:56.660366100,257,103
PRPUMgpOzdMnzhgxXDhDbydIYNJNk,2025-05-01T00:45:56.660366100,994,580
wzdeaqXwdGg,2025-05-13T00:45:56.660366100,372,484
UaMSMhioCOYnEhCLZWKk,2025-05-01T00:45:56.660366100,611,288
PtKEEIzWMfFsFUjuSF,2025-05-10T00:45:56.660366100,695,921
vICHHmNdzLQOzzSUuRPWJGhRJkr,2025-04-30T00:45:56.660366100,532,887
zYAKQrbciRTThkbelQxXdmERkAy,2025-04-30T00:45:56.661366500,515,602
OpfWefSrjTJnMkKLYaIpXjuKUTXFXOr,2025-05-05T00:45:56.661366500,628,351
Ssw,2025-04-22T00:45:56.661366500,986,916
bASAzYhOBetIpJLkQHzcfD,2025-05-09T00:45:56.661366500,645,491
IbUERUMrCBEom,2025-04-17T00:45:56.661366500,472,261
bCmAYQtRaE,2025-04-27T00:45:56.661366500,588,351
agGzCRxc,2025-04-24T00:45:56.661366500,264,721
rgdqw,2025-05-05T00:45:56.661366500,527,289
nLKoXWefkyCxNmCcCWidw,2025-05-14T00:45:56.661366500,387,174
xW,2025-05-02T00:45:56.661366500,840,583
qCZdHbkwPRpVuOsP,2025-05-01T00:45:56.661366500,399,467
SWDhyTgqzMUnuaxgDyMLatpbf,2025-04-17T00:45:56.661366500,128,198
CYRwoiAzA,2025-04-28T00:45:56.661366500,937,565
BKhKlYaBsPiGtqZtOUtuXuOLnmrDmfj,2025-05-11T00:45:56.661366500,545,513
EItgCiSlADa,2025-04-21T00:45:56.661366500,686,624
sYC,2025-04-28T00:45:56.661366500,140,396
owWzRTHMeeMeoaSRABE,2025-04-19T00:45:56.661366500,393,383
Iiqojx,2025-05-12T00:45:56.661366500,94,695
kErQpJgZAfPjkzNPUMhfViqWTqKZwP,2025-05-07T00:45:56.661366500,630,190
vfuWut,2025-04-20T00:45:56.661366500,195,836
YcOhhyj,2025-05-15T00:45:56.661366500,267,747
oJSF,2025-05-12T00:45:56.661366500,23,968
UgtNLBRWCEcMagMLMtK,2025-05-16T00:45:56.661366500,189,484
HRppVJyUpylcOVqJcERdBbLGchl,2025-04-17T00:45:56.661366500,695,417
pajfzuEZVVFpsLL,2025-05-13T00:45:56.661366500,572,414
oGZbKxwupdqCSmh,2025-05-03T00:45:56.661366500,408,783
O,2025-04-29T00:45:56.662370500,1,401
AoJNhncDTPdgsAkdznOyg,2025-04-24T00:45:56.662370500,161,155
VAeKiuKfCrhkAsmMITo,2025-05-16T00:45:56.662370500,465,418
cLGOZisuycwxI,2025-04-27T00:45:56.662370500,653,301
IsmrXNsrbWaiiDkuntUnB,2025-05-13T00:45:56.662370500,479,541
ngSXngfnkddXEnVUCUzpLR,2025-05-14T00:45:56.662370500,755,112
tFdiUbEjEOReEXy,2025-05-09T00:45:56.662370500,531,629
CIyxdtTsNDZSh,2025-05-02T00:45:56.662370500,870,638
lgUaJpbCyiOygNo,2025-05-10T00:45:56.663368500,320,577
HPVPDVEcZKhNZezRb,2025-05-02T00:45:56.663368500,575,550
uLvNn,2025-05-09T00:45:56.664367,753,63
SYI,2025-04-24T00:45:56.664367,103,301
AaKXmmwErHEdladHV,2025-04-19T00:45:56.664367,90,127
kSptYmLu,2025-04-27T00:45:56.664367,815,805
buqSgZtBcZPnKUsAbs,2025-04-23T00:45:56.664367,493,618
nMmTg,2025-04-19T00:45:56.664367,298,434
bSqWczSAlAnKnYmhXEFnWcVg,2025-05-12T00:45:56.664367,455,299
CaTwDvjDKpDtohNcOCqvB,2025-05-01T00:45:56.664367,609,170
lSbFVMhw,2025-04-29T00:45:56.664367,458,738
MWHcjpOpG,2025-04-26T00:45:56.664367,117,65
BubrEo,2025-04-23T00:45:56.664367,647,351
IMCM,2025-04-24T00:45:56.664367,491,556
HVVyAIWXi,2025-05-01T00:45:56.664367,300,525
pIWIiQCkULMvUFBqIahhjWmekZ,2025-04-25T00:45:56.664367,459,354
EFIyPY,2025-04-21T00:45:56.664367,923,819
ObTWDzdJzHGUuyp,2025-05-16T00:45:56.664367,929,949
KaPyCKROtYLzDhGAphs,2025-05-12T00:45:56.664367,144,528
ajCLyKVfYgXQNRbxpbWaHiROcjnZM,2025-05-07T00:45:56.664367,802,364
imDBWnPck,2025-05-15T00:45:56.664367,312,243
qaSQwFuecPYZ,2025-04-28T00:45:56.664367,877,234
GCqOHGggjXTzElWjWnBbREcP,2025-04-27T00:45:56.664367,932,196
Evk,2025-05-12T00:45:56.664367,82,211
EBYdnaZ,2025-04-17T00:45:56.664367,501,470
WmhHpSDuk,2025-04-17T00:45:56.664367,628,600
soQfPkppIYlCuyfqJij,2025-05-15T00:45:56.665367200,865,70
WCCOUAtp,2025-05-16T00:45:56.665367200,284,560
xiFMgpCGjlEXBJJBUI,2025-04-20T00:45:56.665367200,33,929
dssHuZRVzuf,2025-04-19T00:45:56.665367200,794,113
tRgiHJlOuyypC,2025-05-14T00:45:56.665367200,366,171
PO,2025-05-15T00:45:56.665367200,818,232
BudRiOKLHQD,2025-04-24T00:45:56.665367200,665,644
bRIscIFJpKCmPHHwojZvxIpjjc,2025-04-17T00:45:56.665367200,946,620
azEHKPiZkRWuDrPTOoQ,2025-04-18T00:45:56.665367200,6,896
HPPIwzKtbJZhezbWjGiEvID,2025-05-13T00:45:56.665367200,934,770
VWZNZvDjUNsp,2025-04-25T00:45:56.665367200,135,181
uXLrKtKlKIyjCoUmXSp,2025-04-22T00:45:56.665367200,11,507
VcMyVdlGXdtcUKyZn,2025-05-08T00:45:56.665367200,100,393
bzXYSihNoxMxeCyXVjFQzgjtRkRQ,2025-05-01T00:45:56.665367200,960,515
BwWVVUOeZoUXbPGpRyPZB,2025-04-29T00:45:56.665367200,280,615
LgtJaocoN,2025-05-08T00:45:56.665367200,783,41
NziVNhodxHAGKYMthkFA,2025-04-21T00:45:56.665367200,121,462
lgwJNDECn,2025-04-29T00:45:56.665367200,133,434
lUFVTp,2025-05-14T00:45:56.665367200,179,375
dOHPJNexdjRWoriojrPtptJ,2025-05-13T00:45:56.665367200,272,782
xEAa,2025-05-13T00:45:56.665367200,867,143
DkpRCoqMrBbcmPUJnv,2025-04-19T00:45:56.665367200,219,86
uhk,2025-05-05T00:45:56.665367200,306,90
zCeMaAMnP,2025-04-29T00:45:56.665367200,995,23
CRdlRNhuJuAQBFilQgxDk,2025-05-15T00:45:56.665367200,370,758
HcYZWbAGQyllxHdRDWT,2025-04-21T00:45:56.665367200,707,299
uMVXUdVsLuobTdfaNtUMHgmx,2025-05-06T00:45:56.665367200,915,734
OzFDFmqLFPzprTLqqMtsoXk,2025-05-01T00:45:56.665367200,611,371
ltpEKrybHg,2025-04-24T00:45:56.665367200,997,905
GvIZrTe,2025-04-30T00:45:56.665367200,784,629
iRlrkpsgNNoiog,2025-04-20T00:45:56.665367200,355,396
ItxWOResFTvGIbYubgCBRtGV,2025-05-05T00:45:56.666438200,796,415
RjiFpcpyMySCLCTzFlEnNtoLdNZTNy,2025-04-17T00:45:56.666438200,333,642
BYdJQpTOw,2025-04-29T00:45:56.666438200,905,495
HZUPvTUwLS,2025-04-20T00:45:56.666438200,653,52
dPWJBfS,2025-05-16T00:45:56.666438200,891,46
hVK,2025-04-30T00:45:56.666438200,802,629
clywBPUALDFYQZPgRNoDDgTqC,2025-05-14T00:45:56.666748700,320,614
WUqOg,2025-05-08T00:45:56.666748700,436,384
sVzW,2025-05-13T00:45:56.666748700,869,588
iJmJCUlYFjpOUyuCxyhbXrj,2025-04-21T00:45:56.666748700,187,926
thOEgiykAy,2025-05-01T00:45:56.666748700,36,470
StSNjzclopLtUgGkjvDtCRhpRUDfzn,2025-04-30T00:45:56.666748700,126,699
jdAXHMmXchneZnTixdHqkhuFoTYmPcl,2025-04-29T00:45:56.666748700,985,514
JaAPMemw,2025-05-01T00:45:56.666748700,323,991
fbvvOW,2025-04-28T00:45:56.666748700,267,339
GSUSzexbXfGfEvhqnituWXzd,2025-05-08T00:45:56.666748700,813,984
VCmDAFObLefNCguuL,2025-04-30T00:45:56.666748700,707,587
CUFEGbHlJb,2025-05-12T00:45:56.666748700,677,29
SIIZKsvxpnqplYCeQzFbfmKg,2025-04-26T00:45:56.666748700,615,714
ASgmvDTwftWnXifrMhklTaOlJK,2025-05-04T00:45:56.666748700,455,216
VVZKAttubmcPDCZi,2025-04-23T00:45:56.666748700,999,971
ZGvN,2025-04-21T00:45:56.666748700,396,727
nwhBQURmfwkucsIEPTD,2025-05-14T00:45:56.666748700,922,913
JuFIuhfsStdrU,2025-04-26T00:45:56.666748700,143,217
yAwUKPvikgXvSHJtrKAzsFxV,2025-04-29T00:45:56.666748700,90,557
uLjaBjBbxzJdWmNPuoTKGcC,2025-05-11T00:45:56.666748700,146,719
XFrJfeMhmRNzB,2025-04-17T00:45:56.666748700,234,660
LHuOLOLGMQsOIMDTWVlro,2025-05-08T00:45:56.666748700,232,158
txStU,2025-05-04T00:45:56.666748700,770,437
zffsvcdKPsYMibAma,2025-05-13T00:45:56.666748700,735,874
BClxhkPYOlAlfjBTqf,2025-05-16T00:45:56.666748700,647,421
PonMELzVqcZZZZalKOBV,2025-05-01T00:45:56.666748700,133,428
ZNWPhtyZVe,2025-05-06T00:45:56.666748700,88,530
BurGgxgyeZjfHNiwooXOuhNbIyrM,2025-04-30T00:45:56.667946200,173,416
VLmmLvmkSWjcVF,2025-04-17T00:45:56.667946200,571,317
zjLqADecgoJMRLZb,2025-05-11T00:45:56.667946200,331,872
mTlBFFDKTLDMiBQQmOKGKSec,2025-04-18T00:45:56.667946200,706,105
ypFOmzjJeetDeWfga,2025-05-08T00:45:56.667946200,558,656
zIjjezWkCibfajQsVXfoJwZ,2025-05-10T00:45:56.667946200,20,25
AkfRpNxkAoceahykazHyshY,2025-05-12T00:45:56.667946200,926,670
xuXKTyrDOzCjKFOvW,2025-05-09T00:45:56.667946200,934,874
wNzrJUtmfHUXB,2025-04-23T00:45:56.667946200,742,154
RfOBsH,2025-05-08T00:45:56.667946200,178,327
uOvbBXEWILdYTuCeZ,2025-05-15T00:45:56.667946200,960,846
iqpGEACudRPsAL,2025-05-01T00:45:56.667946200,670,158
yriQqVxxP,2025-05-12T00:45:56.667946200,615,160
pvWkDXZJzqHUuviAXeprWvdSkfqH,2025-04-26T00:45:56.667946200,352,931
GoKPXRar,2025-04-27T00:45:56.667946200,619,564
IFgHzhgfyS,2025-05-13T00:45:56.667946200,98,195
bGGGplgW,2025-04-28T00:45:56.667946200,727,259
evHlalcQbWEkQoAWjJHSPyZVlOziJkP,2025-04-22T00:45:56.667946200,702,257
WCGyLyaBNrbhegJ,2025-05-10T00:45:56.668936500,496,697
XyIaIjFJPmQKhRaE,2025-04-30T00:45:56.668936500,659,232
GmIXjuoNmYPu,2025-04-26T00:45:56.668936500,293,71
OxeRADJDz,2025-04-28T00:45:56.668936500,860,147
inRFDuamJSRyGBRfGSGxsvUjmCo,2025-05-01T00:45:56.668936500,18,722
nfeIioocWHwvIcLXWfgUSf,2025-05-05T00:45:56.668936500,458,375
OINJahMEAytpcvCtgPimloRTYqDQe,2025-05-11T00:45:56.668936500,842,104
ZklIxXrFs,2025-05-04T00:45:56.668936500,397,490
lFNH,2025-04-21T00:45:56.668936500,468,370
NSzfPwjLCxHSvateQRfklLio,2025-04-24T00:45:56.668936500,241,315
SDTSJTXDAFnqAOmeZjTYPtuzV,2025-04-24T00:45:56.668936500,603,821
GiccKplrA,2025-04-17T00:45:56.668936500,359,80
ByubsaBqHoPcLOsQtbJvQh,2025-05-11T00:45:56.668936500,784,763
fgEWvmmoFLvVTxDUMJgKvTAtKNgrl,2025-05-06T00:45:56.668936500,540,320
R,2025-05-16T00:45:56.668936500,501,921
VEZiRRpTz,2025-05-02T00:45:56.668936500,370,666
REmFqHwQpmKSkvyspAotvH,2025-04-23T00:45:56.668936500,352,989
PrAvkVmZRCMNLmmHSgqGC,2025-05-09T00:45:56.668936500,690,431
QJljyYtPXsDJJR,2025-05-03T00:45:56.668936500,699,593
GmXAlDWxThb,2025-04-29T00:45:56.668936500,932,547
UsZlNtwHJ,2025-04-23T00:45:56.669935100,418,799
n,2025-05-02T00:45:56.669935100,678,197
IpMBWvdwCr,2025-05-01T00:45:56.669935100,714,550
sV,2025-05-05T00:45:56.669935100,766,223
h,2025-04-28T00:45:56.669935100,922,697
PwbSkkKVfhkSRniNGmSj,2025-04-17T00:45:56.669935100,964,330
ibdnFaQgxDRYnewKKFDmrFstKE,2025-05-09T00:45:56.669935100,961,157
dEDpCQCzw,2025-05-13T00:45:56.669935100,96,252
kpgtNfXdf,2025-05-05T00:45:56.669935100,740,278
VRovFYCMjuUpaYnV,2025-04-27T00:45:56.670936700,495,174
LgbtWv,2025-05-05T00:45:56.670936700,712,208
TcOrlaqs,2025-05-01T00:45:56.670936700,481,885
KnxJnkCaBH,2025-05-11T00:45:56.670936700,840,232
LPQr,2025-04-18T00:45:56.670936700,280,394
k,2025-05-09T00:45:56.670936700,880,645
EcgxbtUFmBQhSGalLnHVDhqM,2025-04-23T00:45:56.670936700,103,213
VfriKvHJWGhDBAiHO,2025-05-11T00:45:56.670936700,30,847
ObJuJHTSYzXLWlLCNZJLDhfPLVur,2025-04-18T00:45:56.670936700,6,25
gbsCHNjqrnSjOoDIutjtBZPcLVoobL,2025-05-03T00:45:56.670936700,711,694
RdBXkmHibnOvxwQsT,2025-04-28T00:45:56.670936700,975,68
KkGcHXdJSGmGbxAW,2025-05-14T00:45:56.670936700,408,885
ValbxLecJWfNiPdhaSz,2025-05-13T00:45:56.670936700,796,626
raBfvjRJjSFyumBfCxKmbGJ,2025-04-24T00:45:56.670936700,74,146
SoaynBg,2025-04-25T00:45:56.670936700,260,887
udOLiiIvVKKjoTMyMHzhUdY,2025-05-07T00:45:56.670936700,997,552
JCKgmxUMvG,2025-04-25T00:45:56.670936700,466,686
MPnPuZRUNPchCqhplslGkvAlZMwRSeI,2025-04-21T00:45:56.670936700,843,113
M,2025-04-28T00:45:56.670936700,640,62
UBI,2025-04-27T00:45:56.670936700,556,575
OMqyTBnzEwZo,2025-04-24T00:45:56.670936700,670,160
mrktLmrzFYTHBwf,2025-05-06T00:45:56.670936700,751,531
KNQIsXSCJqoAGmEUPQDTVYf,2025-04-23T00:45:56.670936700,986,87
cjUinSSXyG,2025-05-11T00:45:56.671934800,649,755
pJsdFuPndMI,2025-05-01T00:45:56.671934800,521,3
MyK,2025-05-14T00:45:56.671934800,677,963
QhHbuFwvUoAp,2025-04-19T00:45:56.671934800,253,312
sHDt,2025-05-10T00:45:56.671934800,187,632
QnYrqNwICTIOmEtKlWnInFbuhdGLIE,2025-04-19T00:45:56.671934800,741,324
wABKOeIWErSGCdygCRCrUtklGN,2025-04-24T00:45:56.671934800,95,43
XbrNFXewkSrWsqOHlPZvc,2025-05-09T00:45:56.671934800,247,529
viysgFZ,2025-04-30T00:45:56.671934800,563,124
nNsXYBRrFnArmQOeljCAr,2025-04-24T00:45:56.671934800,442,183
TcmcMspLogHilGpqXRga,2025-04-20T00:45:56.671934800,860,196
ITjqMRrDXDCZCSXaNs,2025-05-06T00:45:56.671934800,707,855
GecsMNpzBVTbKvxKbZpGBqlRS,2025-05-05T00:45:56.671934800,820,777
TjMaPpjyGHoM,2025-05-02T00:45:56.671934800,383,532
KWYFHeCfwIFUfXXoSwZfJefiK,2025-05-02T00:45:56.671934800,465,888
kosvuluiCLNRvkEGMFggfiPUWCu,2025-05-12T00:45:56.671934800,175,574
uEhAXOQBkkUUeKDDiXUMvVyd,2025-05-13T00:45:56.671934800,132,462
LFgsSG,2025-05-02T00:45:56.671934800,490,96
MZrdDUWXCHuSvgUmVNEtdddrSf,2025-05-13T00:45:56.671934800,359,183
p,2025-04-28T00:45:56.671934800,781,180
AGRGMIuUgFKrnGwNXXTWb,2025-04-17T00:45:56.671934800,371,73
juAOxhyGnYp,2025-05-07T00:45:56.671934800,285,614
IyDvoiUQZTymhNXMEAlnXpqaZuhUe,2025-04-23T00:45:56.671934800,251,719
ZCwHchNlYQcmFvwbaZYEuBnD,2025-04-24T00:45:56.671934800,986,163
OaVEVduLvEiCqx,2025-05-07T00:45:56.671934800,943,722
JVk,2025-04-25T00:45:56.671934800,377,229
xUYqvzRBEdslIrwORyPmtlpp,2025-04-22T00:45:56.671934800,860,455
yazrtlzuzHRkcRJjiCkcSpMuvtHNQ,2025-05-11T00:45:56.671934800,482,875
bsYlJOfaqPtGiNJa,2025-05-03T00:45:56.671934800,920,590
ZIUPQTlnHdhJBceviQbwvKFIBFFvg,2025-04-29T00:45:56.671934800,297,355
nTPHSfpylSrsNoRfdlO,2025-05-05T00:45:56.671934800,762,55
QFCPUYLWlhvJSskVIDcCyHJFEeGdCWC,2025-05-01T00:45:56.671934800,484,410
hjz,2025-05-05T00:45:56.672933700,38,292
uLXUvZiXmssEdmmbolpVI,2025-05-07T00:45:56.672933700,842,872
rnSPNzQNMWjrGwgmNEXzQSFzv,2025-05-02T00:45:56.672933700,141,935
faaDS,2025-04-30T00:45:56.672933700,539,149
iUTBTETWHd,2025-04-26T00:45:56.672933700,693,498
aqHDWRrhikKpGzCkj,2025-05-10T00:45:56.672933700,729,706
JlSiHTCdzAw,2025-05-06T00:45:56.672933700,756,335
trW,2025-05-16T00:45:56.672933700,590,648
oYBooHgvCcYKo,2025-04-24T00:45:56.672933700,350,634
NshxpGiJUVPszDIPaNKQekSS,2025-05-16T00:45:56.672933700,250,795
blwqCC,2025-05-02T00:45:56.672933700,126,89
oVxMSlEBOeJQnvLzFGrQS,2025-04-26T00:45:56.672933700,641,947
zrk,2025-05-11T00:45:56.672933700,390,687
SkkC,2025-04-27T00:45:56.672933700,304,173
LxGpELLoqaNT,2025-04-23T00:45:56.672933700,627,251
uOvnumqi,2025-05-07T00:45:56.672933700,734,797
qBXGbPpUSKxtEGuNCHyQxjIqcQQ,2025-04-19T00:45:56.672933700,280,219
HNjMUmLaRIpOsz,2025-05-16T00:45:56.672933700,975,277
NHqezyujPKXOHkcNAzTvtxJLEEu,2025-05-10T00:45:56.672933700,855,189
SZfgqoZbl,2025-04-28T00:45:56.672933700,684,979
nUUpu,2025-05-16T00:45:56.672933700,207,444
bPJcXbSnMExgkhMExYUPwUtQzCyNW,2025-05-07T00:45:56.672933700,860,767
UtOKREsPVBokKmjjxJsukzXYpmUl,2025-04-25T00:45:56.672933700,627,995
rdfJsoDCoIBNJssmEXX,2025-04-30T00:45:56.672933700,104,394
YIG,2025-05-13T00:45:56.672933700,75,411
MuC,2025-05-01T00:45:56.672933700,702,873
bcthDscgRfFakivGnVxvVmWHc,2025-04-21T00:45:56.672933700,942,421
hbtnvuFTYRWuRearWiRCOibFlyIOjx,2025-05-16T00:45:56.672933700,690,624
ngruqUFBerOVXJ,2025-04-29T00:45:56.672933700,840,688
qSM,2025-04-30T00:45:56.672933700,38,795
mB,2025-05-04T00:45:56.672933700,648,377
vNnby,2025-04-18T00:45:56.672933700,215,773
Vd,2025-05-01T00:45:56.672933700,216,177
lpeFmh,2025-04-27T00:45:56.672933700,127,534
kPWDrVSXRYhoAmcZU,2025-04-22T00:45:56.673934300,990,133
vyOOJafWoFmjEbJBuiLGug,2025-04-30T00:45:56.673934300,303,446
cVurctUWlLBepsySVPhRleO,2025-04-20T00:45:56.673934300,254,150
rmmFzeYvMgUUCPLao,2025-04-28T00:45:56.673934300,621,391
NxFJFsQotvxAyDWlahThsaIMwzyrCo,2025-04-25T00:45:56.673934300,104,362
mLpRSyxNVjWnMs,2025-04-24T00:45:56.673934300,948,340
QyOtHYMkcXRDfYVeRuHmaAJzLbMD,2025-05-05T00:45:56.673934300,300,417
IXJkUjdsk,2025-04-24T00:45:56.673934300,530,443
TqTQbaqKHZLrEJCSZenRmAxsu,2025-05-14T00:45:56.673934300,531,413
ATaS,2025-04-29T00:45:56.673934300,126,348
fGecOsWWLcvMJmWifqfdsFoirEptiO,2025-04-21T00:45:56.673934300,516,669
K,2025-04-29T00:45:56.673934300,512,91
gbRfhnlDEsJoKWDAgvCJEXbzn,2025-04-19T00:45:56.673934300,191,504
olfHyeMAzAGeeQWxumdCHOWyM,2025-05-12T00:45:56.673934300,387,557
rfuwLEGWDyOxBv,2025-05-16T00:45:56.673934300,965,360
qWwrdiHdqveIAdGgNiRdePydtXDDojs,2025-04-23T00:45:56.673934300,129,229
UaQznIQnSakibbDplHdyPpTkLuWM,2025-04-23T00:45:56.673934300,790,20
BRTPLYNUVX,2025-05-08T00:45:56.673934300,599,689
H,2025-04-21T00:45:56.673934300,969,394
sSdJdVsaJWSxAteA,2025-05-01T00:45:56.673934300,984,287
BOEvWQSSSo,2025-04-25T00:45:56.673934300,698,67
wdktYVWET,2025-05-06T00:45:56.673934300,991,569
HkavGvbhiz,2025-05-04T00:45:56.673934300,692,811
QGYFa,2025-05-09T00:45:56.673934300,995,789
XKqMbXVGfMaHRGVOwcqjfiYcIwyT,2025-05-10T00:45:56.673934300,359,520
NYUynjfKUHfqjSDAG,2025-04-20T00:45:56.673934300,39,419
TJWQGLrdWyhjDdLzaaTRS,2025-04-23T00:45:56.673934300,216,957
VZMhiIyvWfYHVZkzw,2025-05-10T00:45:56.673934300,252,837
ysnmtHz,2025-05-11T00:45:56.673934300,710,213
pGX,2025-05-07T00:45:56.673934300,71,142
mWJfWdiINAgnzvUnvDnesEBuVsp,2025-05-08T00:45:56.673934300,364,1000
ysda,2025-04-26T00:45:56.673934300,831,192
FzOkzhejohveym,2025-04-25T00:45:56.674934900,624,169
nMDDeUAqvKcjURaSZSbKErwWRmfXhBA,2025-04-17T00:45:56.674934900,774,305
gJmLeBnlkuDFJy,2025-05-11T00:45:56.674934900,716,903
VC,2025-05-16T00:45:56.674934900,492,616
BafHzmMOWBmCjDOrGOaMNF,2025-05-02T00:45:56.674934900,750,619
NZRZAnwplqWsQlIyNlHzksKyBZmh,2025-04-20T00:45:56.674934900,124,433
oevPyAnCLHIXQCDBNHwhfZCaXaf,2025-04-20T00:45:56.674934900,143,366
gaotrtYUB,2025-05-15T00:45:56.674934900,823,719
ynEQqsgmjOFrKHBDBLnmfsf,2025-04-30T00:45:56.674934900,603,121
Rs,2025-04-19T00:45:56.674934900,261,502
ebOwLCQRsSYMwZQWbMKEarY,2025-04-25T00:45:56.674934900,533,585
VKOcQJab,2025-05-02T00:45:56.674934900,35,643
UyNNhiasClYEasqzRftRWXPEhRf,2025-04-25T00:45:56.674934900,110,386
PqPrhn,2025-05-10T00:45:56.674934900,653,359
ldVNuHtqZdsvzIwzYqkkrZXCuLsuzC,2025-05-02T00:45:56.674934900,872,688
DuN,2025-05-14T00:45:56.674934900,146,98
o,2025-05-03T00:45:56.674934900,592,852
w,2025-04-20T00:45:56.674934900,903,554
fTGaZcDGrjWTtB,2025-05-12T00:45:56.674934900,138,469
AAOeclAxYmQkMYYAvmzFGRrqRhmN,2025-04-22T00:45:56.675934100,124,461
JobqkwhLEOigT,2025-05-08T00:45:56.675934100,984,99
lCMlS,2025-04-23T00:45:56.675934100,199,855
DIIGNnoVvwjGcksndU,2025-05-09T00:45:56.675934100,250,306
MhMLaVSYIyOQwTwLNkaZrViMFXah,2025-05-03T00:45:56.675934100,907,370
AUKdOqPlWzaykcHreZPI,2025-04-29T00:45:56.675934100,484,409
MJNBlbAUOUvwBLAzkDLHPZbRZQ,2025-04-25T00:45:56.675934100,574,525
VeOWQTTsaxGNZXUTwoFQpk,2025-04-25T00:45:56.675934100,790,620
YRXPqJkpdJppgPrxA,2025-04-27T00:45:56.675934100,238,150
ddyXslxOvUGTuuuAfPFaYLiSzFX,2025-04-20T00:45:56.675934100,156,251
qMrUtRvHkYjesNnqZbzIOuPKQm,2025-04-26T00:45:56.675934100,570,484
GgybwptVFCEYb,2025-04-17T00:45:56.675934100,89,131
l,2025-04-30T00:45:56.675934100,643,818
MhQaabNPEtLzthYSTbWfX,2025-05-08T00:45:56.675934100,456,384
MfnMqxqvgeYXrAaIxOOPFXpsIhl,2025-05-09T00:45:56.675934100,110,975
cfTYTnAcBWqoRviraCDsmerHqnzEp,2025-05-11T00:45:56.675934100,169,874
ACmnWZZIDuNMDGMOpxX,2025-05-11T00:45:56.675934100,659,664
lmgq,2025-04-22T00:45:56.675934100,529,350
xGLpyjTKjw,2025-04-26T00:45:56.675934100,30,184
YGGcTIAFZqawTGhpmUbe,2025-05-10T00:45:56.675934100,938,455
xnPiTNLR,2025-05-08T00:45:56.675934100,436,292
nlKhacEwGwBD,2025-04-25T00:45:56.675934100,565,163
ZSOgKWMPOhZAkDhhtDghC,2025-04-19T00:45:56.675934100,648,482
whuIOrQGldQPmNwztOIIvWqe,2025-05-13T00:45:56.675934100,213,67
KnrjiyTpvmTupzyzUThKqblR,2025-05-13T00:45:56.675934100,738,43
abjIan,2025-04-27T00:45:56.675934100,925,615
iaJdhxvcfQvYhpQdHAfnszNvhGxPt,2025-05-13T00:45:56.675934100,577,903
eVTSJOP,2025-04-22T00:45:56.675934100,456,673
GZCnFfufMMVlgOwYxQMZVkaRdL,2025-04-28T00:45:56.675934100,633,658
dXzwjy,2025-04-25T00:45:56.676936300,706,256
nFyaQBKjmLVWDqKEPzrid,2025-05-13T00:45:56.676936300,997,440
AZrP,2025-05-03T00:45:56.676936300,561,142
KumdNLgjwsaiAxExnDhJBdeiPZ,2025-05-05T00:45:56.676936300,383,609
mZhCYcbrtAgySjuAnxq,2025-04-21T00:45:56.676936300,612,724
xGBGwdSOtyzdPQYRGoL,2025-05-03T00:45:56.676936300,236,389
yNUorUxJwNPqTdplesK,2025-05-14T00:45:56.676936300,640,658
SjqEBsUhsGnrdMcaZwNPwBsNZRypxn,2025-05-10T00:45:56.676936300,701,763
nK,2025-04-19T00:45:56.676936300,410,656
syoAQkpcAtXdNkXnDoGuWFgvSuS,2025-04-26T00:45:56.676936300,556,390
WGjsmeREehdeyfGBDvSXclPFgfNaFB,2025-05-02T00:45:56.676936300,320,855
ATcvMjNrQhSUwDujANPs,2025-04-23T00:45:56.676936300,757,673
DExxBEfjnmEShXfUOOUyhnEU,2025-05-01T00:45:56.676936300,513,671
Uv,2025-05-09T00:45:56.676936300,183,762
RuxEWrqFJpJKNjhMctpYLynjyZGeUZx,2025-05-15T00:45:56.676936300,594,97
TyNP,2025-05-10T00:45:56.676936300,595,138
UMlPzsnUrwnLTEuCxVhxftqAiqrLmy,2025-04-22T00:45:56.676936300,463,452
YLjNxmpLReYOlLYpwmmDnPpZaD,2025-04-25T00:45:56.676936300,253,645
XqPDaoDofNvkAeYHLNDTOaFm,2025-04-26T00:45:56.676936300,48,390
IeCFqHVjWAxkAFWUWZ,2025-04-19T00:45:56.676936300,964,143
AQAIYDOMBuiQnGlGSkO,2025-05-05T00:45:56.676936300,61,401
iDrVUv,2025-04-20T00:45:56.676936300,272,179
mPZFhXbDyRCRhTumtkWXODUG,2025-04-18T00:45:56.676936300,995,376
fsPksGyrSJvIsfMdzqf,2025-04-24T00:45:56.676936300,62,965
HSEBqTAhGFZumaR,2025-04-28T00:45:56.676936300,533,186
eUSkbpHHDH,2025-05-04T00:45:56.676936300,299,267
ZodNlwMyaUsKYZAuIrpjtBG,2025-05-06T00:45:56.676936300,882,801
vxHVklkuBossXWOAZtLjloTQM,2025-04-28T00:45:56.676936300,851,530
XFykdvfANQ,2025-04-25T00:45:56.676936300,36,691
JkcJsUkdT,2025-04-22T00:45:56.676936300,372,248
QaJQCmyJYrkoEuTL,2025-04-27T00:45:56.676936300,235,376
CBojZRVM,2025-05-14T00:45:56.676936300,561,901
KVmYmeBEkAx,2025-05-10T00:45:56.676936300,41,238
vzybYqySdGdCawlDDIWMYlHirg,2025-05-10T00:45:56.676936300,537,41
KDJJPOmytsP,2025-04-29T00:45:56.676936300,194,913
rQOiRPIZaeuZPILCqiCYTIbsV,2025-05-06T00:45:56.676936300,597,313
uPtNfoGoSHAjVnaBHjZ,2025-05-06T00:45:56.677935900,72,375
obELADGEBnqTsOIP,2025-05-07T00:45:56.677935900,305,649
BYTt,2025-05-08T00:45:56.677935900,368,867
gnmXrHCTUAO,2025-04-21T00:45:56.677935900,445,592
iUCSRsVCOP,2025-04-22T00:45:56.677935900,603,352
dGslBPYODZ,2025-05-04T00:45:56.677935900,81,789
UorXGIdpikGINLOGeEcFPRUR,2025-05-14T00:45:56.677935900,379,385
twKehcduvXKdxvSUmwTldNgGAXc,2025-04-29T00:45:56.677935900,694,509
vObsSReta,2025-05-02T00:45:56.677935900,223,18
GXmLCKwxZBnrOkpdvSJrxOGisM,2025-04-17T00:45:56.677935900,97,906
DYTWn,2025-04-22T00:45:56.677935900,474,564
mq,2025-05-15T00:45:56.677935900,586,739
LuKdrWjWU,2025-04-22T00:45:56.677935900,302,968
sDkNTrPuYObHBUMageBsbnegcNYRfqP,2025-05-05T00:45:56.677935900,549,428
lZnTOusHcTagqJZjDWBCdN,2025-04-21T00:45:56.677935900,267,488
NdqaTPhYftAePm,2025-04-21T00:45:56.677935900,878,396
kpsCSrPfCjrddiqSVOrfYCMfBbu,2025-04-25T00:45:56.677935900,461,663
fpuLXKsKOeAZffqPFevGQi,2025-05-03T00:45:56.677935900,985,757
USqUogeZiKmsWXF,2025-05-05T00:45:56.677935900,76,120
IDfXeWYaOysjXbgWzBCzgiUVAF,2025-05-03T00:45:56.677935900,731,973
ghQunobrWacdtnqDosVkHft,2025-05-01T00:45:56.677935900,145,615
ZiBZSiAyKcNLKnYzfwLdo,2025-04-30T00:45:56.677935900,688,732
XmPWAMmLGbaezyLyEbgD,2025-04-21T00:45:56.677935900,228,256
pdrBoViThNikhqi,2025-05-12T00:45:56.677935900,99,745
GY,2025-05-14T00:45:56.677935900,251,566
KrsymmaVyOrJHlPYSKhJnWIwVJRl,2025-04-20T00:45:56.677935900,434,516
tinjKMPgQLQLOKgtihKQDCY,2025-05-16T00:45:56.677935900,602,419
SKrBreymiKMpeVMjxlIJ,2025-05-07T00:45:56.677935900,679,919
aBzAsmxRDVRHPyMOHILF,2025-04-21T00:45:56.677935900,33,391
pBH,2025-04-25T00:45:56.677935900,866,752
FFrZSHFekZAlyCplrHoxJoflfPJ,2025-05-03T00:45:56.677935900,30,669
rUUq,2025-04-18T00:45:56.677935900,921,987
oyrnmKEknJKrk,2025-04-26T00:45:56.677935900,120,283
HUcngEPXQKpbxZGSYpdipVaWzva,2025-05-12T00:45:56.677935900,16,575
bEfBjnFMpBvynGXYxHaOvBmmxMmDDDI,2025-04-29T00:45:56.677935900,928,907
TIxk,2025-04-26T00:45:56.677935900,311,112
CAmcrvckmdYZozZJWwelJyprXrUUHpN,2025-05-05T00:45:56.677935900,829,64
inFrbrAfff,2025-04-17T00:45:56.677935900,741,562
wRXBqHPhzpBCYLMODXlmXndEs,2025-05-15T00:45:56.678934800,864,738
TqCsiHwWrVzGGcpdwftPrtKXgBlU,2025-05-10T00:45:56.678934800,920,849
oBwXOzOEzpWigjbZxz,2025-04-30T00:45:56.678934800,263,885
SvHZuUAZmXjuGkrpsXMz,2025-05-11T00:45:56.678934800,950,404
arAcgLhBD,2025-05-15T00:45:56.678934800,310,476
WRdpzUQRbGpoLAqWZsmbAVTlSQFOr,2025-04-21T00:45:56.678934800,739,398
SsMisOJyiNKfxsMXmESmn,2025-05-16T00:45:56.678934800,802,414
PpKMaJ,2025-04-29T00:45:56.678934800,189,607
ggEaQXOfnkFPIQvmQefrDyZQAwVkB,2025-05-11T00:45:56.678934800,503,82
ujlhrUxDHJKQ,2025-04-24T00:45:56.678934800,937,493
obrkjmLWfKprQjVdQkdJnEVqVDCk,2025-05-16T00:45:56.678934800,653,245
P,2025-05-12T00:45:56.678934800,882,766
QWCtAwMb,2025-05-03T00:45:56.678934800,975,223
SKCztxSTQuBisDZeFYWCObznj,2025-04-19T00:45:56.678934800,401,88
MkJfLvDfzMPLb,2025-04-17T00:45:56.678934800,990,26
mZyVLbMcvJ,2025-04-22T00:45:56.678934800,819,798
AUuaAgkznOvKdjQIKXvtgIBMbon,2025-04-24T00:45:56.678934800,302,80
BxwVmHoVqDKPTmuSUWUpD,2025-04-17T00:45:56.678934800,236,191
tATcK,2025-04-30T00:45:56.678934800,21,338
MAxWdu,2025-04-21T00:45:56.678934800,341,889
aeYNeYsrZQIsKSSlFFfAtKYsMLao,2025-04-24T00:45:56.678934800,921,690
vrCDR,2025-04-24T00:45:56.678934800,294,643
wP,2025-04-24T00:45:56.678934800,908,650
pFNYxACrSJVURDLQmlEhXigzvMH,2025-04-23T00:45:56.678934800,151,402
JiDHiirZYOOWbzsViR,2025-05-16T00:45:56.678934800,783,334
NXygS,2025-04-20T00:45:56.678934800,764,364
XUgEEuqmAgInSlRbwMHHQDJzFmaIj,2025-05-08T00:45:56.678934800,970,267
mgfjuKpcUxqIJpJmnAOPgTjPnWBu,2025-05-10T00:45:56.678934800,352,561
PDKYTrVddtG,2025-05-06T00:45:56.678934800,218,138
wAzgSWbRX,2025-05-16T00:45:56.679934900,615,63
gXIIcaqEww,2025-05-03T00:45:56.679934900,447,838
bmAUdRqVsXbOpjfW,2025-05-12T00:45:56.679934900,289,546
khKokxSgNFURlvukhOHyBInJfr,2025-05-04T00:45:56.679934900,824,372
fsZCRJRwYEZDauowELjvAu,2025-04-25T00:45:56.679934900,871,333
TrvAcutJMIIbylkLwImqMx,2025-05-05T00:45:56.679934900,46,844
CdyzYBlhPmFkvLYvskNm,2025-05-02T00:45:56.679934900,198,574
YAsPnKNOLeNJywbdUGZRCwWFhGs,2025-05-05T00:45:56.679934900,875,205
eVBXdqCQtUos,2025-04-24T00:45:56.679934900,318,304
XLJpBdpPDofNaq,2025-05-04T00:45:56.679934900,673,681
YHCAixsLKlVF,2025-05-05T00:45:56.679934900,475,122
KVWfSBWWOThc,2025-04-24T00:45:56.679934900,785,659
KCrNfxd,2025-04-28T00:45:56.679934900,443,958
qicXIZVYbltfvbwYNRLurqcnqIrLl,2025-05-09T00:45:56.679934900,822,600
ezybVRBpSyfpvBtneLdqPzmwQC,2025-04-26T00:45:56.679934900,608,34
VEnPBVBxcoDZjjWEhgwKBlRU,2025-04-21T00:45:56.679934900,594,561
BRhRLM,2025-04-23T00:45:56.679934900,139,971
InrdUWLFzy,2025-05-01T00:45:56.679934900,204,735
UOqisqTNeRsI,2025-04-26T00:45:56.679934900,207,151
icnOCXjJSb,2025-04-18T00:45:56.679934900,997,12
nWWSBwwqIKdAA,2025-05-05T00:45:56.679934900,444,772
aSihH,2025-05-01T00:45:56.679934900,850,853
VnnPImRKVnMaI,2025-05-13T00:45:56.679934900,887,602
psIuvmlQuRCsvbecjDFyuFuP,2025-05-08T00:45:56.679934900,662,838
SKPRJGRnesbrjJEgvBN,2025-05-08T00:45:56.679934900,989,432
pHEJb,2025-05-10T00:45:56.679934900,478,873
lNvfsWiAMTh,2025-05-05T00:45:56.679934900,528,395
wnUOlWOpAipeanFXMfDJJMM,2025-05-01T00:45:56.679934900,488,671
CGCFvtcisDmdRplGiylun,2025-04-27T00:45:56.679934900,612,132
cochkvQsUMntYPQNo,2025-05-11T00:45:56.679934900,583,983
WSJ,2025-04-22T00:45:56.679934900,535,786
KRHmvg,2025-05-04T00:45:56.679934900,136,542
FMhUXitwfhikbPWdiIwYdcIyALEuE,2025-04-29T00:45:56.679934900,209,55
UfdaFkOSZNlBxZCUGxbKUXQ,2025-04-24T00:45:56.679934900,788,703
urFMrWKddMadekk,2025-04-20T00:45:56.679934900,429,205
TtyANGlvsWUsmnrJFJTrg,2025-04-21T00:45:56.679934900,976,684
QybPaGbocawc,2025-05-02T00:45:56.679934900,82,913
lWGaLLd,2025-04-24T00:45:56.679934900,850,48
ezuLrbrhX,2025-05-03T00:45:56.679934900,457,604
HgnmiokjTuBSMxWJChneTRKi,2025-05-09T00:45:56.679934900,114,43
iAvYhwc,2025-04-23T00:45:56.679934900,323,728
LcqTqRbNKMLaczffhoq,2025-04-24T00:45:56.680933900,818,555
sTTyUlmSeCe,2025-05-05T00:45:56.680933900,471,103
cOwoItpSnqohqBYAoKpTrw,2025-05-14T00:45:56.680933900,793,399
IqDoVcUeSwlODP,2025-05-15T00:45:56.680933900,164,788
fIhYxWEubznECRwfSDsgbd,2025-04-17T00:45:56.680933900,269,408
iANiCCGFkJ,2025-04-22T00:45:56.680933900,597,975
Xo,2025-04-25T00:45:56.680933900,425,320
bwsRyPKCGODN,2025-05-10T00:45:56.680933900,414,503
jQo,2025-05-08T00:45:56.680933900,186,635
dRyiUMXHijBozOSU,2025-04-21T00:45:56.680933900,214,119
hrVMh,2025-04-23T00:45:56.680933900,822,718
zz,2025-05-04T00:45:56.680933900,921,452
HvzuGNRmgOGbUd,2025-05-14T00:45:56.680933900,713,833
hvwuOgaDueJTOPxMvwhjYxzTDU,2025-04-17T00:45:56.680933900,716,194
UazQpQQlEaJQsuPUkWWvAHZoJZfD,2025-05-10T00:45:56.680933900,466,133
bwFMGaAsGYboVneAKUBNz,2025-04-24T00:45:56.680933900,602,70
r,2025-04-23T00:45:56.680933900,174,799
AQMVJMLxyCZvFkzJpHWtqSNTvUJE,2025-05-08T00:45:56.680933900,347,567
auHxZnlzNI,2025-04-17T00:45:56.680933900,95,644
frHEtSGpLuFuiZaiRkKhHXvhg,2025-04-24T00:45:56.680933900,544,876
kLLM,2025-05-10T00:45:56.680933900,667,200
xCdJUwxEqmMhTiAhmiXxJ,2025-05-09T00:45:56.680933900,307,48
RObsO,2025-05-01T00:45:56.680933900,694,129
DJMYcYePZoyPcZmFLvbnm,2025-05-05T00:45:56.680933900,342,752
PZXbNOaUyNXortqXhfJRlvWBcDMj,2025-04-17T00:45:56.680933900,541,504
vLQPMRVYYvw,2025-04-27T00:45:56.680933900,825,426
yuQOca,2025-05-08T00:45:56.680933900,664,911
LL,2025-04-22T00:45:56.680933900,883,48
fXArQAxrBthnQmxFLkfHHkgW,2025-04-18T00:45:56.680933900,527,638
cSxxTqvNNHkfkYuEDFLxhIjbzUP,2025-05-06T00:45:56.680933900,678,933
ORXCyfuVLRjACEcEhQrqEgK,2025-05-09T00:45:56.680933900,825,129
CrcwcUWXkZEJQDyTkyuwlAEqkezbDzO,2025-04-23T00:45:56.680933900,887,361
nSQgbsRFCfsFMGwW,2025-04-23T00:45:56.680933900,877,906
vqydKgZuCvNjxekkdSR,2025-05-04T00:45:56.680933900,73,926
ot,2025-05-12T00:45:56.680933900,973,603
TqvzIdUOsTKFqwIhJgyXWzihE,2025-04-30T00:45:56.680933900,605,800
BAubFaSpj,2025-05-15T00:45:56.680933900,855,639
Y,2025-05-16T00:45:56.680933900,491,200
EWZolCfjWlrRtOIGtVEFecpWBB,2025-04-20T00:45:56.681937200,450,195
pAaSIRxerzm,2025-04-30T00:45:56.681937200,493,178
EMHUKUZNITkwvTgWNwK,2025-05-12T00:45:56.681937200,602,930
KPIjYP,2025-04-27T00:45:56.681937200,691,445
OCMPAsMqeRGWXx,2025-05-12T00:45:56.681937200,957,225
HQMwNRQ,2025-04-30T00:45:56.681937200,239,555
QLRqZqSLYpTrhbvrSiNBOchrDhJ,2025-04-26T00:45:56.681937200,660,282
fRTvwjyIPnwqBVZpcAZQCHfElsWv,2025-05-12T00:45:56.681937200,979,2
BQozYXGQrxmErSgCHDEHGruG,2025-04-20T00:45:56.681937200,627,750
xlc,2025-05-15T00:45:56.681937200,890,457
LavRrAArqaPaVcMNbuJSXAK,2025-05-12T00:45:56.681937200,781,820
eNHNTGxZBKUysKdr,2025-04-25T00:45:56.681937200,42,640
QeHcoxsvxPUhXFdNq,2025-05-10T00:45:56.681937200,55,136
ZISzwBnlpzJcPfoVIWarWamzydIG,2025-04-19T00:45:56.681937200,955,316
TqSpEO,2025-04-18T00:45:56.681937200,388,606
jCMOsmZDhnDiVDK,2025-04-29T00:45:56.681937200,486,116
jWwhzMTfJiPyiYD,2025-04-20T00:45:56.681937200,483,545
fTLZhwGGcg,2025-05-16T00:45:56.681937200,887,379
BHKUZNumQdtaiESkJTN,2025-04-27T00:45:56.681937200,785,414
ZCfNtvSYiteQeRzrP,2025-05-03T00:45:56.681937200,129,38
nxXrmAYstAXCEBaMqvCGGTUoHOItyk,2025-04-27T00:45:56.681937200,231,661
HDNBZSrEvwbFrrI,2025-04-27T00:45:56.681937200,509,639
BmTqZKkEsns,2025-05-12T00:45:56.681937200,846,89
DdINMVmdJaQfUmlHtglkjz,2025-05-02T00:45:56.681937200,933,301
sJnWldmryrM,2025-04-29T00:45:56.681937200,913,638
g,2025-04-25T00:45:56.681937200,9,612
QjRiHoIsYbbJEcDMczVAmjhq,2025-05-04T00:45:56.681937200,733,734
QrfCcrEEYtwDTluDCIP,2025-05-06T00:45:56.681937200,169,28
tFklvWxpLpkgQhR,2025-04-28T00:45:56.681937200,52,801
fwrAZGlYKdKYjSEXd,2025-04-26T00:45:56.681937200,408,131
ijPXbGqTUJJwaySH,2025-05-05T00:45:56.681937200,738,663
KIpVJVgFTzY,2025-04-30T00:45:56.681937200,581,615
PDAccFwMx,2025-04-28T00:45:56.681937200,318,814
lpnPw,2025-05-05T00:45:56.681937200,555,669
ldBuGQnnaXyQyuchXpmQJXx,2025-04-27T00:45:56.681937200,949,476
YRHmp,2025-04-27T00:45:56.681937200,220,323
BWzqONHNhm,2025-05-14T00:45:56.681937200,471,566
qvixNGDwIneYcZfN,2025-05-06T00:45:56.681937200,509,531
X,2025-05-16T00:45:56.682938900,853,94
qF,2025-04-27T00:45:56.682938900,744,889
Zkajhoujg,2025-04-30T00:45:56.682938900,317,129
GGPEQSUMqEg,2025-05-05T00:45:56.682938900,387,902
QsiDtkobkacJmOikOkolfh,2025-04-23T00:45:56.682938900,29,567
jZqlEvANtmItZvzMvrpr,2025-05-15T00:45:56.682938900,741,177
whBnLjCqdYFiWlnSKBrWLvqSQm,2025-04-18T00:45:56.682938900,123,426
GybdlFxULcmsyzErXDUZhHLb,2025-04-17T00:45:56.682938900,605,762
cBEJsLYvgnE,2025-05-07T00:45:56.682938900,151,198
ouxTobVXLAuVbFGVQTH,2025-05-11T00:45:56.682938900,504,582
QEFZleEhYDCIC,2025-04-19T00:45:56.682938900,782,902
bRKjWemJJibEgtRwKhGk,2025-05-14T00:45:56.682938900,198,658
SGAuYcHUajr,2025-04-26T00:45:56.682938900,614,832
MczwbtjElAjTKSChrzvAXRMAHqaecDI,2025-04-29T00:45:56.682938900,272,387
hcryIiPnQcWCmCYyuAbtSRb,2025-04-19T00:45:56.682938900,914,940
vPDdkNB,2025-04-30T00:45:56.682938900,992,188
HkKIecWlcNRT,2025-05-05T00:45:56.682938900,692,646
BpmVyuwgSvIC,2025-04-18T00:45:56.682938900,186,303
a,2025-05-01T00:45:56.682938900,145,531
mLMnAciFEaMvTseCiOJbXy,2025-05-07T00:45:56.682938900,763,212
JaZXqNZVnuxV,2025-04-28T00:45:56.682938900,944,811
wlFw,2025-04-30T00:45:56.682938900,736,960
DWHxaQlwkH,2025-04-29T00:45:56.682938900,925,579
xHUUXPkGvWoTjNfReJUoLk,2025-05-05T00:45:56.682938900,209,520
pSrekbBCLXbjqK,2025-04-25T00:45:56.682938900,683,283
fnZG,2025-04-25T00:45:56.682938900,581,824
RTYQxpzNmPfHJFfVczIfKh,2025-05-08T00:45:56.682938900,442,536
TYkotOu,2025-04-30T00:45:56.682938900,672,772
dFIHBvAscV,2025-05-11T00:45:56.682938900,759,267
mTHK,2025-05-14T00:45:56.682938900,976,693
SdCdqnmU,2025-05-14T00:45:56.682938900,725,887
kepxIvclZEGvKQjtnyuTWFFCZi,2025-05-04T00:45:56.682938900,417,246
gXuYFsjUXkLwwk,2025-05-02T00:45:56.682938900,285,188
OYxTsNSyyMolTPpdokN,2025-04-25T00:45:56.682938900,932,144
OceSGuTCdyscgAgH,2025-04-27T00:45:56.682938900,911,555
hcdTlTGdxpWmD,2025-05-04T00:45:56.682938900,918,441
EDAZdZCovZeeBvciBDLOE,2025-04-28T00:45:56.682938900,600,723
xQbMdWddC,2025-05-08T00:45:56.682938900,219,315
KacDeoZuOzFRQNcEMypxlJYtaEcDu,2025-05-10T00:45:56.682938900,339,137
EDFTczgJcE,2025-04-19T00:45:56.682938900,938,110
N,2025-05-03T00:45:56.683936600,801,498
gTcfvZSPskiaSKKfdMfdaqvaHynm,2025-04-20T00:45:56.683936600,837,726
hzxRoAkfELIlYzqy,2025-04-22T00:45:56.683936600,695,593
VVoWRORoFMsncwndNXtvMNB,2025-05-03T00:45:56.683936600,138,7
ZmGeCkFzhXPOMaYSmTR,2025-05-10T00:45:56.683936600,83,408
HUbeIVdoHyjLzEeij,2025-04-20T00:45:56.683936600,867,989
FzgzzvjpVbErERJQSc,2025-04-23T00:45:56.683936600,195,95
nwmKYUrtufOvnArLUVAlpFaqXa,2025-05-08T00:45:56.683936600,268,755
TWFalH,2025-05-10T00:45:56.683936600,683,664
wxAbR,2025-04-19T00:45:56.683936600,952,569
UdtqMChOsbWbZU,2025-05-07T00:45:56.683936600,184,61
auizJwBpaDCwsFNPkXqJtyB,2025-05-09T00:45:56.683936600,154,189
kxKYGyv,2025-05-03T00:45:56.683936600,205,275
TglRfvedPgiBPjnOuTCwbaXQwZa,2025-05-16T00:45:56.683936600,865,509
nIglFcqDmFKTAkLujqXfWLQNejdkahz,2025-05-15T00:45:56.683936600,988,358
ktkXUFTzfFkaVqIBAnnYabELvoJBx,2025-05-09T00:45:56.683936600,168,44
tyTgZDqTnzD,2025-04-25T00:45:56.683936600,412,794
dbDchrE,2025-05-07T00:45:56.683936600,517,30
kzzSdOPauHGWLYwZhuCKHeWiDWTLWh,2025-05-14T00:45:56.683936600,81,701
aiuQSWjdj,2025-05-04T00:45:56.683936600,254,383
LmKhezWtQBIII,2025-05-09T00:45:56.683936600,990,326
GhMPxpFHoaUItZBspFaVXmwcwPeh,2025-05-07T00:45:56.683936600,689,845
vZEKwEPrCnuURfOVA,2025-04-23T00:45:56.683936600,821,669
GvvgTevmmHduywXzSVARCkQ,2025-05-13T00:45:56.683936600,927,503
vrAyiKZxzFwEHvRZlDex,2025-05-03T00:45:56.683936600,705,205
GNreGVDastGneuKtLmYoZNgfr,2025-04-17T00:45:56.683936600,540,893
tAzWQubwfKGuGzfVD,2025-05-09T00:45:56.683936600,366,13
y,2025-05-05T00:45:56.683936600,123,690
hMmpAaOWbMrXPzJvh,2025-04-21T00:45:56.683936600,394,195
HSyIrDv,2025-05-16T00:45:56.683936600,31,217
MsTjXh,2025-05-05T00:45:56.683936600,287,947
uNl,2025-04-30T00:45:56.683936600,212,628
OWrnScKUvNul,2025-05-06T00:45:56.683936600,819,322
ETRDyAbsD,2025-05-04T00:45:56.683936600,406,874
zgmZTRcAstDyDjAtqplC,2025-05-01T00:45:56.683936600,353,173
TktujXO,2025-05-16T00:45:56.683936600,545,710
Bm,2025-05-04T00:45:56.683936600,121,664
HeeFSCLbBoZq,2025-05-03T00:45:56.683936600,994,633
mPmXJJHuLNNzezsZqtqBovdGE,2025-05-15T00:45:56.683936600,506,420
nAVxgFQamgeZLZiPkEE,2025-04-19T00:45:56.683936600,89,566
XemsToDwdTnjsRiNrfTWLOmrERvXr,2025-05-15T00:45:56.684937100,699,460
eTHbOtqVjWAHRpSQofmCmsMSpjC,2025-05-06T00:45:56.684937100,276,670
hAwlRXmyOtRJPypAMyWMRJtEmFTunB,2025-05-06T00:45:56.684937100,535,72
Cw,2025-04-22T00:45:56.684937100,710,943
EAAUColRURZiUxWsKxo,2025-04-30T00:45:56.684937100,215,298
hnOqTYXtEmQRQqMY,2025-04-25T00:45:56.684937100,952,224
MdPUnmyRRZtINhITMlxghvVOCuWTzaN,2025-04-27T00:45:56.684937100,237,189
Q,2025-04-20T00:45:56.684937100,909,480
RgWXAXGWTyxXrDwwv,2025-05-03T00:45:56.684937100,304,172
txlfrXsLcpcMQTfmJUKMIbEKSkKMmA,2025-04-28T00:45:56.684937100,22,860
SRRSjTFQOxgyvrZdyNFB,2025-04-17T00:45:56.684937100,534,860
hprFqqDEDu,2025-04-30T00:45:56.684937100,642,778
tOWhegwcolKSSGGhDwsAU,2025-05-03T00:45:56.684937100,703,215
dgoCihlHdh,2025-05-14T00:45:56.684937100,351,424
hgjwkc,2025-04-27T00:45:56.684937100,891,850
TbjUaIrW,2025-05-04T00:45:56.684937100,207,27
DchYEadyJ,2025-05-07T00:45:56.684937100,517,394
ozdDQiLVY,2025-05-08T00:45:56.684937100,813,896
MgCfzywoDxGJEvThrkQjOmjX,2025-04-28T00:45:56.684937100,362,760
ZijcxqlcDMpHklGaUYytZmdhsZR,2025-04-29T00:45:56.684937100,156,266
UwFlyvfYsleKFyslVwVwXHwhz,2025-05-14T00:45:56.684937100,149,809
OjqwYNfovzGWQfnF,2025-04-21T00:45:56.684937100,484,361
wlTLflpt,2025-04-25T00:45:56.684937100,368,980
DWkesxhwvNMWJjF,2025-05-13T00:45:56.684937100,104,852
AzgeNBKEXUgwdXi,2025-04-23T00:45:56.684937100,554,166
juNAZjxTDLw,2025-04-17T00:45:56.684937100,997,466
WdHicgPgDpkAlmJavRSYXIVuqci,2025-04-25T00:45:56.684937100,196,993
s,2025-04-28T00:45:56.684937100,984,215
DuIVYLjoDgyC,2025-05-12T00:45:56.684937100,870,942
uDQUnmjaWWDpMfhCanflUoVhQcKJkAJ,2025-04-25T00:45:56.684937100,266,18
ErdnCErWcMvpbmhzoB,2025-04-21T00:45:56.684937100,918,190
Mqfnuv,2025-05-01T00:45:56.684937100,786,512
yWvUZfFDMWijp,2025-04-19T00:45:56.684937100,294,708
FTdASFYlAuGiuJvqqsxuRUJuAX,2025-05-06T00:45:56.684937100,985,302
kxlBWqoAWucbgAuxLWQc,2025-05-01T00:45:56.684937100,224,134
mXvFkTvTVPYhBqbUmnTuSqa,2025-04-24T00:45:56.684937100,753,589
dZyEvtuKs,2025-05-07T00:45:56.684937100,902,486
PRluvfeFohCwmQfaJjWuXwHjPK,2025-05-04T00:45:56.684937100,839,47
v,2025-05-02T00:45:56.684937100,72,727
wJEhxaBlGUzPoG,2025-04-24T00:45:56.684937100,941,667
OjzuEOAhzfoRvVpOaevClpMLKmmDPaK,2025-05-13T00:45:56.684937100,990,934
AOeX,2025-04-17T00:45:56.685937300,938,523
mEXgMGIIrhCrTqChpluXmogydL,2025-05-10T00:45:56.685937300,452,266
qqQYzslZkAYNIlWgLeAuNGSAvEfob,2025-05-02T00:45:56.685937300,577,340
CFnsID,2025-05-11T00:45:56.685937300,103,99
YaC,2025-04-26T00:45:56.685937300,618,980
YXTeYTovlFPMibRpgCJWqRsVAnEcyjj,2025-05-01T00:45:56.685937300,896,60
QmORcAUfYJZIrqBBbTD,2025-05-14T00:45:56.685937300,185,949
IJsMx,2025-04-26T00:45:56.685937300,211,664
rOimTDgrPQxSJTNhyVu,2025-04-20T00:45:56.685937300,750,1
YaiyiAQfcZjQF,2025-05-07T00:45:56.685937300,157,458
Kmyi,2025-05-11T00:45:56.685937300,60,773
XbbtKdmiufxWmKlcJIgeDXlRuMZZk,2025-05-13T00:45:56.685937300,875,673
VRrirdieSIIxv,2025-05-08T00:45:56.685937300,968,281
VaXHughKLfBznWJcQfmmFWHtt,2025-05-05T00:45:56.685937300,767,181
EjSOWsPcmONpDMdGFKpDogRQqf,2025-05-01T00:45:56.685937300,794,523
pEHGTYpNSeShjahjzlrUWteV,2025-04-17T00:45:56.685937300,126,399
gXPRAiiIoXuDrVxzSS,2025-05-04T00:45:56.685937300,976,462
tCPQMFaMirQJUvYdTPyZIZg,2025-05-14T00:45:56.685937300,949,26
SySHpSthb,2025-05-08T00:45:56.685937300,197,275
WOXRyVuZhbKpuknuXOJdipwF,2025-04-17T00:45:56.685937300,87,975
dAWGuxrFONO,2025-05-13T00:45:56.685937300,289,652
qvPWfXDieBbSewKzHjN,2025-04-25T00:45:56.685937300,952,157
RgxkfTMVNIKbuyPeWHmbyHsRM,2025-04-26T00:45:56.685937300,188,240
RakGeYNCbndEZIWP,2025-05-14T00:45:56.685937300,367,106
YXlXtyT,2025-04-23T00:45:56.685937300,592,241
QKsIUE,2025-04-17T00:45:56.685937300,551,683
PRzLpC,2025-04-25T00:45:56.685937300,531,381
YLTYUGKRTfzHcRoq,2025-04-24T00:45:56.685937300,303,491
vo,2025-05-09T00:45:56.685937300,35,685
tSxCacryyhHctenBvLeEo,2025-05-03T00:45:56.685937300,311,922
riKsdknA,2025-05-04T00:45:56.685937300,342,484
pnLTyjQcBuFtPVE,2025-05-16T00:45:56.685937300,413,292
tfpAYSCHLkssfgRtKkTEVUmM,2025-04-30T00:45:56.685937300,95,797
RKbTBjMKShNpKcQJIqdEsfElzeTZt,2025-05-11T00:45:56.685937300,1,622
UVirHZiNSdUoEaXSChEnfNPUn,2025-05-06T00:45:56.685937300,537,625
YtzULOdRpGkAA,2025-05-10T00:45:56.685937300,334,319
SOcgEHQ,2025-04-29T00:45:56.685937300,800,227
CrbYxOXZLIykOHlQHONAJrB,2025-05-05T00:45:56.685937300,314,47
VAGixIfWWcoStrMRStk,2025-04-27T00:45:56.685937300,552,686
jFNxnYUpHxOvWTZSzAxCboQTJC,2025-05-12T00:45:56.686936700,229,234
DiypGOdHqgTi,2025-04-18T00:45:56.686936700,193,613
MM,2025-04-25T00:45:56.686936700,289,540
JHPJeUaaxxEfkwhL,2025-05-15T00:45:56.686936700,550,702
qXyQfvCWCicA,2025-05-16T00:45:56.686936700,11,104
yscGyvJoCit,2025-05-09T00:45:56.686936700,527,276
IeWtbCZhIcPweTyFtlNJRgVtXqRzl,2025-05-05T00:45:56.686936700,792,954
GoRlcFviMbfLkfEItrfyfVdnYBZkC,2025-04-24T00:45:56.686936700,583,234
IKViGCHyTDUEqHLRGLeQbYu,2025-05-06T00:45:56.686936700,961,639
OBdeDBpR,2025-04-28T00:45:56.686936700,521,377
lFGWiZIlAfYQIrVEbOMPlBsM,2025-04-20T00:45:56.686936700,474,553
ArAWePewHrStJ,2025-04-25T00:45:56.686936700,403,656
DwQfCLcNIpfyUE,2025-04-18T00:45:56.686936700,452,272
FcxLo,2025-04-24T00:45:56.686936700,196,484
RNHOCBOfNQuCIOEfmITjzjvTTnu,2025-05-05T00:45:56.686936700,128,996
iErFnzPCwauj,2025-04-17T00:45:56.686936700,938,715
qhZnBvYhDBwVEpnH,2025-05-03T00:45:56.686936700,38,607
RtdHIafLMwmEq,2025-05-14T00:45:56.686936700,65,266
YyjctZdheHnW,2025-04-23T00:45:56.686936700,482,994
pjEcQsFkUfqRTanwLSy,2025-05-01T00:45:56.686936700,372,536
GaNgxZqLcxKmDUJBMZG,2025-05-12T00:45:56.686936700,53,507
FNQVsOBWSSNzrOerpKfd,2025-05-02T00:45:56.686936700,63,31
WNnNWwMmjOttzDyuITIBcKAELHcgl,2025-05-06T00:45:56.686936700,720,746
SFBRjdBMF,2025-04-22T00:45:56.686936700,883,160
RdHXzSXqpCfMmKRFeSEZOteymTBAzAm,2025-04-18T00:45:56.686936700,42,598
OVGZXRENHZPRVZtyKrYPguFztLn,2025-05-06T00:45:56.686936700,949,760
ZyYoZIGrkCdmCpLPVCGCFWRzPg,2025-04-17T00:45:56.686936700,392,605
FUzvXhieKMSbri,2025-04-26T00:45:56.686936700,386,912
MoxesFmDPmt,2025-04-23T00:45:56.686936700,326,354
KHoWrp,2025-04-22T00:45:56.686936700,115,56
JzicRGszkrMztZHuNVoQiCG,2025-04-23T00:45:56.686936700,836,516
QfBLZNRMQWMbpeMNNgMcJZPQygPemg,2025-04-28T00:45:56.686936700,624,84
QpQLYfJHaZhNbfyrZDXWpIZYx,2025-05-09T00:45:56.686936700,15,453
u,2025-05-15T00:45:56.686936700,252,435
PHthXgacmEYlpNOHnYSDyPuv,2025-04-22T00:45:56.686936700,337,454
aWJElgf,2025-05-07T00:45:56.686936700,391,519
AuAkeVtWKfwKJH,2025-05-12T00:45:56.686936700,344,761
oIZgZrNv,2025-04-28T00:45:56.686936700,902,616
SGRloK,2025-04-21T00:45:56.686936700,496,296
lDUqMecwsakwtKUabJzEwsOePIBe,2025-04-20T00:45:56.686936700,596,833
UdjWahBoLwcFzYkCqUwffhvLwcYl,2025-04-29T00:45:56.687938,886,162
ANj,2025-05-05T00:45:56.687938,148,200
ZVOZaTBGQlfa,2025-04-26T00:45:56.687938,20,538
HfwFqAsMieZiYwALCgC,2025-05-16T00:45:56.687938,496,886
VLIjktMGYjhcLlcDEX,2025-04-24T00:45:56.687938,976,629
NnIbvkfzZHza,2025-05-09T00:45:56.687938,567,745
wf,2025-05-04T00:45:56.687938,386,216
ywsgKhhHyrE,2025-04-17T00:45:56.687938,179,991
ejwWTAVNcUipZXYzVApqEycCKhgCOBn,2025-04-28T00:45:56.687938,4,204
OWuoOCuZKYcnKuVQybODYxasaxiHE,2025-05-04T00:45:56.687938,45,65
WHTezUoHvFyaCvhJuG,2025-05-05T00:45:56.687938,811,786
eptNYhmxvbIVuyuTIRaYOcdK,2025-04-22T00:45:56.687938,637,730
ABfDOPopaEScL,2025-05-16T00:45:56.687938,227,658
wcg,2025-05-01T00:45:56.687938,739,926
eCgexLwmUCmwkz,2025-05-07T00:45:56.687938,807,249
KngNPKTKmG,2025-04-29T00:45:56.687938,633,315
EZnNt,2025-05-14T00:45:56.687938,189,777
AVKnPMxfpbuGyYeL,2025-05-09T00:45:56.687938,451,729
MlntgEWPozyR,2025-04-26T00:45:56.687938,66,882
SvPyaWAEpJW,2025-05-16T00:45:56.687938,841,826
Zov,2025-04-27T00:45:56.687938,831,717
jHd,2025-04-30T00:45:56.687938,538,653
EMKxVLvuBZdHrAkrzJBjTYRh,2025-05-14T00:45:56.687938,10,971
mJzOwApzFErHstCxYkIdWkJCKMIAodM,2025-05-08T00:45:56.687938,394,13
fIRFMWRjnzrIfJhnOGLdloDRBJMNz,2025-04-24T00:45:56.687938,215,426
WIDmawSfUzVyPVGYke,2025-04-29T00:45:56.687938,310,379
BQWeQ,2025-05-12T00:45:56.687938,957,276
ENpDIDRBK,2025-05-14T00:45:56.687938,768,612
voprhEzWEVbTVbpGIQY,2025-05-09T00:45:56.687938,795,146
Z,2025-05-05T00:45:56.687938,383,797
ghBIlJbEZLoEo,2025-04-20T00:45:56.687938,144,840
yGyMDcdZPWvsShNPQYqhQLuoHFBjWZi,2025-04-27T00:45:56.687938,676,646
qcXCwTdcDaRudBRZsJWnNXXzCDmvbG,2025-04-25T00:45:56.687938,954,449
FOnlXsRJqTGtxrrnqOjABbfFFCL,2025-05-09T00:45:56.687938,884,27
WdhwDAdRmWzyhSazZwDjMUp,2025-05-06T00:45:56.687938,477,822
YnCfgQZzXEi,2025-05-16T00:45:56.687938,243,848
UUgeoWqBAnD,2025-04-27T00:45:56.687938,524,16
OOgVQqonrRvF,2025-04-30T00:45:56.687938,681,413
HynuvKqEqkcvHiceuvdrmiGS,2025-05-03T00:45:56.687938,689,848
Ecfi,2025-05-02T00:45:56.688943100,893,850
XaMMCmhAKPwGYUHamjRRHcch,2025-05-01T00:45:56.688943100,739,681
mutPNUHHb,2025-04-29T00:45:56.688943100,163,804
ATMiYVDXXpCkNtndj,2025-05-14T00:45:56.688943100,210,83
nHsKHJKeNAuitHcDMVkDoxGwVZ,2025-04-25T00:45:56.688943100,470,935
yWvkJWwtfKSWF,2025-04-26T00:45:56.688943100,47,356
yKCX,2025-04-24T00:45:56.688943100,532,460
gcbCHrkXRurjwp,2025-05-16T00:45:56.688943100,146,505
fjlFGBtuaCjPGAKBMMwdVwJYtzfCVV,2025-04-17T00:45:56.688943100,855,141
mPP,2025-04-30T00:45:56.688943100,955,695
OvidM,2025-05-02T00:45:56.688943100,479,853
GwzIOrfXTwSSyAWIHQeEYAPqOcVXH,2025-05-11T00:45:56.688943100,11,202
vJB,2025-05-05T00:45:56.688943100,573,670
XxrSLhqGzYFYkE,2025-05-09T00:45:56.688943100,778,648
qALtGr,2025-04-26T00:45:56.688943100,603,224
p,2025-04-25T00:45:56.688943100,344,269
lkccBCzLHqJPrGPWOcY,2025-05-15T00:45:56.688943100,252,652
oq,2025-05-05T00:45:56.688943100,734,24
VmMFgtgUmuqtaDxcthkPgYqFxzSlbWV,2025-05-05T00:45:56.688943100,655,207
EMMaIaPGBgIXzchfyildGqakybCXTcI,2025-05-16T00:45:56.688943100,935,172
yTlHgl,2025-05-09T00:45:56.688943100,118,806
z,2025-04-19T00:45:56.688943100,740,359
lKxHqrXxoYEK,2025-05-03T00:45:56.688943100,865,970
jQJeOdogszfbiPQNe,2025-05-08T00:45:56.688943100,106,786
oHuJWKQamSzGrwUcOPSNaelCEfPMtlu,2025-05-09T00:45:56.688943100,19,295
hWbNhgZbn,2025-05-05T00:45:56.688943100,695,474
ysgMcctDqVwD,2025-04-22T00:45:56.688943100,535,159
i,2025-04-19T00:45:56.688943100,290,970
MqLPXyNrkARbwKqq,2025-05-05T00:45:56.688943100,836,706
DedRkVJX,2025-04-17T00:45:56.688943100,773,367
CgkaziUAKOIzEjCwzldXfmL,2025-05-02T00:45:56.688943100,729,336
WWXZYjqAcMyY,2025-05-02T00:45:56.688943100,483,365
XAZICIpsNCdbagQVWPCC,2025-04-27T00:45:56.688943100,257,580
fYKlu,2025-04-30T00:45:56.688943100,279,832
wDAEIaRsoZisGU,2025-04-23T00:45:56.688943100,235,599
HFYeUEuuhrFkJabNYMgEiS,2025-05-06T00:45:56.688943100,921,671
UUhKwbvMgGJiuEUuUhKDwdRRND,2025-05-02T00:45:56.688943100,117,513
TayNSFzxchoYLrqDCNpBIRcZ,2025-04-23T00:45:56.688943100,244,383
nOxsOKo,2025-05-14T00:45:56.688943100,446,831
FgrbiofQYwcnHeeYY,2025-05-06T00:45:56.688943100,212,817
zaFTcrxAwP,2025-04-18T00:45:56.689937100,705,346
zrQDSVCsaqnbFBfo,2025-05-03T00:45:56.689937100,459,963
KHPsOEnwp,2025-04-28T00:45:56.689937100,394,482
DUSmJW,2025-05-02T00:45:56.689937100,607,225
DDdqitjZVonwKhVIFcEwdssnouVMBpF,2025-05-06T00:45:56.689937100,565,52
Q,2025-05-04T00:45:56.689937100,338,594
tASpybOBlRnvGAvcy,2025-04-19T00:45:56.689937100,336,57
xtzFmbVOzJfUBGy,2025-05-10T00:45:56.689937100,127,780
eDxdzjSbdAIYV,2025-05-10T00:45:56.689937100,412,678
hgKYnUhUdtTBovyPKAoaAjSyQkuR,2025-05-10T00:45:56.689937100,878,30
lMKtOLC,2025-05-08T00:45:56.689937100,283,68
LDXRODLxCbiJOYKvhqVzFwjf,2025-05-06T00:45:56.689937100,226,262
ItMnISxsqYXtwJxxtSUcie,2025-04-27T00:45:56.689937100,886,384
gKiVVWmSTorIAN,2025-04-29T00:45:56.689937100,597,682
ZZVFmXoLNvFFBtvONqrJCaEpbyxn,2025-05-14T00:45:56.689937100,319,511
pVUBpDPUrXzMpitQTZBhp,2025-04-17T00:45:56.689937100,10,102
zCVQlKcOEYAIZQqmAsZQe,2025-05-05T00:45:56.689937100,466,56
uLowpmaJsnBBloxJ,2025-05-07T00:45:56.689937100,42,569
vRnrpJujMeBEbgiIdSmWAUU,2025-05-08T00:45:56.689937100,937,407
ihcdU,2025-04-24T00:45:56.689937100,922,897
xZRjLyAdLsr,2025-04-17T00:45:56.689937100,481,23
frXTfpOtaGPDlmNCPpemUZtbq,2025-04-24T00:45:56.689937100,218,650
CJKFvEUjXWLlRyEckvIXQFb,2025-05-12T00:45:56.689937100,239,564
pGbGRaeFnvAyHUlNITDdizUg,2025-05-13T00:45:56.689937100,85,417
RDS,2025-05-04T00:45:56.689937100,56,684
juxttQJFGcveAxAjO,2025-05-05T00:45:56.689937100,227,935
LOE,2025-04-20T00:45:56.689937100,739,235
iVWdViY,2025-04-20T00:45:56.689937100,256,964
dgVSYmgWXljhiHTBYnFbQQdWsy,2025-05-04T00:45:56.689937100,270,690
zROvBjQyRTosfdxfToqAH,2025-05-10T00:45:56.689937100,319,850
vpIiWh,2025-05-02T00:45:56.689937100,874,204
fhHlSxJ,2025-04-20T00:45:56.689937100,299,802
YoktZDp,2025-04-28T00:45:56.689937100,680,871
Ur,2025-05-04T00:45:56.689937100,588,24
FpVHG,2025-04-26T00:45:56.689937100,478,750
vBzpglfLJDDsfKHNtU,2025-05-05T00:45:56.689937100,695,711
kaRBgmUGdJoofXvYHCqcZiOzmRvJz,2025-05-08T00:45:56.689937100,570,90
ErbxfRveNHVaRn,2025-05-05T00:45:56.689937100,874,319
e,2025-04-23T00:45:56.689937100,26,438
rxgIrIyfDDb,2025-05-12T00:45:56.689937100,989,155
yaDKz,2025-05-09T00:45:56.689937100,67,781
EXQ,2025-05-03T00:45:56.690937400,589,882
epWEwOxN,2025-04-27T00:45:56.690937400,784,388
NOLNXiRyuHZmSSmHMWfGGqmrNi,2025-05-10T00:45:56.690937400,810,200
rTIwWemwNYENTUXbXHSJNMdTEQmqY,2025-05-12T00:45:56.690937400,339,462
dH,2025-04-24T00:45:56.690937400,94,498
dycBpPgIRq,2025-05-05T00:45:56.690937400,498,563
zhDuTxuJOzAqmFJm,2025-05-07T00:45:56.690937400,72,753
czneeqGsgdXNgnJOR,2025-04-30T00:45:56.690937400,231,6
QcIChpDZjHpmskRbCtP,2025-05-14T00:45:56.690937400,375,300
lhJPIAJXVXMxsMAiObg,2025-04-20T00:45:56.690937400,867,264
dNprUwhAN,2025-04-18T00:45:56.690937400,740,942
DrhUHvRpuFgmRTtYPyDHnXjrDSnRfiY,2025-04-24T00:45:56.690937400,586,334
vdFhNrNvZU,2025-04-21T00:45:56.690937400,689,595
gyOslhxWMGNXVqxVgwUEtZtWUbFNcL,2025-04-22T00:45:56.690937400,845,351
DQKuSHrEapWINNJkIhHYvOU,2025-04-18T00:45:56.690937400,308,371
HlEsXlruRDASUTFeOCQnCCnOuPFxxzW,2025-05-01T00:45:56.690937400,562,663
ZmuUKTRyUUVGAwxXTPJXjbpBCsunRS,2025-04-21T00:45:56.690937400,186,512
rXlZsTmdoZaSeUNjQhoq,2025-05-15T00:45:56.690937400,688,866
LKSDCMPmJiIgtWEWrzjYvpM,2025-04-29T00:45:56.690937400,145,311
tFsUEHiOEwxlOwsjvwpohmCCjY,2025-04-17T00:45:56.690937400,458,308
CFEaVaSt,2025-04-22T00:45:56.690937400,697,425
sOv,2025-05-08T00:45:56.690937400,934,784
WuxZlUggIwsgPuZTGcXAFCdiMGsEwHG,2025-05-15T00:45:56.690937400,585,90
NXnIhgDqKeVzhPURSk,2025-05-09T00:45:56.690937400,522,560
rjzEdmFyThZNdtFEmNrrmvjZ,2025-04-23T00:45:56.690937400,680,572
GUerefslcymsSgFYuLzdRKXhZXRB,2025-05-13T00:45:56.690937400,768,204
dscaHDXuewvA,2025-05-15T00:45:56.690937400,236,861
